"Date","Simple Date","Outdoor Temperature (°C)","Feels Like (°C)","Wind Speed (m/sec)","Wind Gust (m/sec)","Max Daily Gust (m/sec)","Wind Direction (°)","Rain Rate (mm/hr)","Event Rain (mm)","Daily Rain (mm)","Weekly Rain (mm)","Monthly Rain (mm)","Yearly Rain (mm)","Relative Pressure (hPa)","Humidity (%)","Ultra-Violet Radiation Index","Solar Radiation (W/m^2)","PM2.5 Outdoor (µg/m^3)","PM2.5 Outdoor 24 Hour Average (µg/m^3)","Absolute Pressure (hPa)","Avg Wind Direction (10 mins) (°)","Avg Wind Speed (10 mins) (m/sec)","PM2.5 Outdoor","PM2.5 Outdoor 24 Hour Average","CO2 battery"
2025-09-05T20:20:00-04:00,2025-09-05 20:20:00,9.2,8.9,1.4,2.5,9.7,287,0,0.3,1.1,1.5,1.5,413.3,680.3,82,0,0,5,7.8,680.3,306,0.6,21,33,1
2025-09-05T20:15:00-04:00,2025-09-05 20:15:00,9.1,9.1,0,0.8,9.7,45,0,0.3,1.1,1.5,1.5,413.3,680.3,82,0,0,1,7.8,680.3,45,0.5,4,33,1
2025-09-05T20:10:00-04:00,2025-09-05 20:10:00,9.1,9.1,0,1,9.7,147,0,0.3,1.1,1.5,1.5,413.3,680.4,82,0,0,1,7.8,680.4,76,0.7,4,33,1
2025-09-05T20:05:00-04:00,2025-09-05 20:05:00,9.2,9.2,0.7,1.6,9.7,62,0,0.3,1.1,1.5,1.5,413.3,680.3,82,0,0,6,7.8,680.3,76,0.8,25,33,1
2025-09-05T20:00:00-04:00,2025-09-05 20:00:00,9.1,9.1,0.7,1.7,9.7,140,0,0.3,1.1,1.5,1.5,413.3,680.3,82,0,0,6,7.8,680.3,5,0.6,25,33,1
2025-09-05T19:55:00-04:00,2025-09-05 19:55:00,9.2,9.2,0.6,1.4,9.7,318,0,0.3,1.1,1.5,1.5,413.3,680.3,82,0,0,2,7.8,680.3,1,0.6,8,33,1
2025-09-05T19:50:00-04:00,2025-09-05 19:50:00,9.2,9.2,0.7,1.4,9.7,1,0,0.3,1.1,1.5,1.5,413.3,679.9,81,0,0,2,7.8,679.9,1,0.5,8,33,1
2025-09-05T19:45:00-04:00,2025-09-05 19:45:00,9.2,9.2,0.6,1.3,9.7,75,0,0.3,1.1,1.5,1.5,413.3,679.8,81,0,0,1,7.8,679.8,75,0.8,4,33,1
2025-09-05T19:40:00-04:00,2025-09-05 19:40:00,9.3,9.3,0.8,2.1,9.7,51,0,0.3,1.1,1.5,1.5,413.3,679.7,80,0,0,1,7.8,679.7,71,1.2,4,33,1
2025-09-05T19:35:00-04:00,2025-09-05 19:35:00,9.4,9.1,1.4,2,9.7,78,0,0.3,1.1,1.5,1.5,413.3,679.8,80,0,0,1,7.8,679.8,25,1.1,4,33,1
2025-09-05T19:30:00-04:00,2025-09-05 19:30:00,9.5,9.5,0.9,1.9,9.7,349,0,0.3,1.1,1.5,1.5,413.3,679.5,80,0,0,1,7.8,679.5,24,1.2,4,33,1
2025-09-05T19:25:00-04:00,2025-09-05 19:25:00,9.7,9.7,0,1.6,9.7,310,0,0.3,1.1,1.5,1.5,413.3,679.5,79,0,0,6,7.9,679.5,310,1.2,25,33,1
2025-09-05T19:20:00-04:00,2025-09-05 19:20:00,9.8,9.8,0.9,1.9,9.7,19,0,0.3,1.1,1.5,1.5,413.3,679.4,79,0,0,6,7.9,679.4,44,0.8,25,33,1
2025-09-05T19:15:00-04:00,2025-09-05 19:15:00,10,10,0.6,2,9.7,9,0,0.3,1.1,1.5,1.5,413.3,679.4,78,0,0,2,7.8,679.4,332,0.8,8,33,1
2025-09-05T19:10:00-04:00,2025-09-05 19:10:00,10.2,10.2,0.8,1.8,9.7,324,0,0.3,1.1,1.5,1.5,413.3,679.1,77,0,0,2,7.8,679.1,335,1.1,8,33,1
2025-09-05T19:05:00-04:00,2025-09-05 19:05:00,10.4,10.4,1.2,1.9,9.7,357,0,0.3,1.1,1.5,1.5,413.3,679.2,76,0,0,1,7.8,679.2,344,1.1,4,33,1
2025-09-05T19:00:00-04:00,2025-09-05 19:00:00,10.4,10.4,1.2,1.5,9.7,295,0,0.3,1.1,1.5,1.5,413.3,679,76,0,0,1,7.8,679,338,0.7,4,33,1
2025-09-05T18:55:00-04:00,2025-09-05 18:55:00,10.7,10.7,0,0.6,9.7,22,0,0.3,1.1,1.5,1.5,413.3,678.9,74,0,0,2,7.9,678.9,62,0.5,8,33,1
2025-09-05T18:50:00-04:00,2025-09-05 18:50:00,10.8,10.8,0.9,2.7,9.7,127,0,0.3,1.1,1.5,1.5,413.3,679.1,74,0,0,2,7.9,679.1,140,0.9,8,33,1
2025-09-05T18:45:00-04:00,2025-09-05 18:45:00,11.1,11.1,0,1.1,9.7,78,0,0.3,1.1,1.5,1.5,413.3,679,73,0,0,4,7.9,679,132,0.7,17,33,1
2025-09-05T18:40:00-04:00,2025-09-05 18:40:00,11.3,11.3,0.9,3,9.7,136,0,0.3,1.1,1.5,1.5,413.3,678.9,72,0,0.2,4,7.9,678.9,120,0.8,17,33,1
2025-09-05T18:35:00-04:00,2025-09-05 18:35:00,11.6,11.6,0.6,1.5,9.7,274,0,0.3,1.1,1.5,1.5,413.3,678.7,70,0,0.8,1,7.9,678.7,122,2.1,4,33,1
2025-09-05T18:30:00-04:00,2025-09-05 18:30:00,11.7,11.7,0.5,3.6,9.7,120,0,0.3,1.1,1.5,1.5,413.3,678.6,69,0,2,1,7.9,678.6,150,1.9,4,33,1
2025-09-05T18:25:00-04:00,2025-09-05 18:25:00,11.9,11.9,1.9,3.4,9.7,138,0,0.3,1.1,1.5,1.5,413.3,678.6,68,0,3.9,3,7.9,678.6,138,0.7,13,33,1
2025-09-05T18:20:00-04:00,2025-09-05 18:20:00,12.1,12.1,0,1.7,9.7,145,0,0.3,1.1,1.5,1.5,413.3,678.7,68,0,6.8,3,7.9,678.7,143,1.1,13,33,1
2025-09-05T18:15:00-04:00,2025-09-05 18:15:00,12.1,12.1,0.6,3.4,9.7,208,0,0.3,1.1,1.5,1.5,413.3,678.7,67,0,10.1,2,7.9,678.7,173,1.9,8,33,1
2025-09-05T18:10:00-04:00,2025-09-05 18:10:00,12.2,12.2,1.5,5.1,9.7,183,0,0.3,1.1,1.5,1.5,413.3,678.5,67,0,12.8,2,7.9,678.5,183,2,8,33,1
2025-09-05T18:05:00-04:00,2025-09-05 18:05:00,12.4,12.4,1.4,4.5,9.7,36,0,0.3,1.1,1.5,1.5,413.3,678.7,66,0,16.2,1,7.9,678.7,175,2,4,33,1
2025-09-05T18:00:00-04:00,2025-09-05 18:00:00,12.7,12.7,2.1,6.6,9.7,216,0,0.3,1.1,1.5,1.5,413.3,678.7,65,0,22,1,7.9,678.7,179,2.8,4,33,1
2025-09-05T17:55:00-04:00,2025-09-05 17:55:00,13.1,13.1,1.6,4.8,9.7,228,0,0.3,1.1,1.5,1.5,413.3,678.5,63,0,28.3,1,7.9,678.5,178,3,4,33,1
2025-09-05T17:50:00-04:00,2025-09-05 17:50:00,14,14,2.7,6.3,9.7,169,0,0.3,1.1,1.5,1.5,413.3,678.4,60,0,42.7,1,7.9,678.4,183,2.6,4,33,1
2025-09-05T17:45:00-04:00,2025-09-05 17:45:00,14.3,14.3,1.1,3.1,9.7,282,0,0.3,1.1,1.5,1.5,413.3,678.4,59,0,38.2,1,7.9,678.4,184,2.4,4,33,1
2025-09-05T17:40:00-04:00,2025-09-05 17:40:00,14,14,1.2,5.3,9.7,150,0,0.3,1.1,1.5,1.5,413.3,678.4,59,0,43.1,1,7.9,678.4,230,3,4,33,1
2025-09-05T17:35:00-04:00,2025-09-05 17:35:00,14.4,14.4,1.1,5,9.7,221,0,0.3,1.1,1.5,1.5,413.3,678.3,57,0,58.9,1,8,678.3,214,1.8,4,33,1
2025-09-05T17:30:00-04:00,2025-09-05 17:30:00,14.9,14.9,1.4,4,9.7,341,0,0.3,1.1,1.5,1.5,413.3,678.3,56,0,73.2,1,8,678.3,225,1.6,4,33,1
2025-09-05T17:25:00-04:00,2025-09-05 17:25:00,14.6,14.6,1.7,6.1,9.7,233,0,0.3,1.1,1.5,1.5,413.3,678.4,56,0,90.4,1,8,678.4,225,2.4,4,33,1
2025-09-05T17:20:00-04:00,2025-09-05 17:20:00,14.3,14.3,1.6,6.1,9.7,212,0,0.3,1.1,1.5,1.5,413.3,678.2,54,1,109.6,1,8,678.2,317,2.5,4,33,1
2025-09-05T17:15:00-04:00,2025-09-05 17:15:00,15.3,15.3,2.4,2.7,9.7,327,0,0.3,1.1,1.5,1.5,413.3,678.3,51,1,120.4,6,8,678.3,108,1.8,25,33,1
2025-09-05T17:10:00-04:00,2025-09-05 17:10:00,15.2,15.2,1,3,9.7,280,0,0.3,1.1,1.5,1.5,413.3,678.4,52,1,159.8,6,8,678.4,103,2.5,25,33,1
2025-09-05T17:05:00-04:00,2025-09-05 17:05:00,13.9,13.9,4.8,6.5,9.7,122,0,0.3,1.1,1.5,1.5,413.3,678.4,54,1,165.5,2,8,678.4,94,3.5,8,33,1
2025-09-05T17:00:00-04:00,2025-09-05 17:00:00,13.8,13.8,1.5,7.3,9.7,123,0,0.3,1.1,1.5,1.5,413.3,678.3,54,1,162.1,2,8,678.3,123,1.7,8,33,1
2025-09-05T16:55:00-04:00,2025-09-05 16:55:00,14,14,0.5,2.3,9.7,86,0,0.3,1.1,1.5,1.5,413.3,678.3,54,1,144.1,2,8,678.3,94,1.4,8,33,1
2025-09-05T16:50:00-04:00,2025-09-05 16:50:00,14.6,14.6,1.6,2.7,9.7,65,0,0.3,1.1,1.5,1.5,413.3,678.2,56,1,173.9,2,8,678.2,65,1.5,8,33,1
2025-09-05T16:45:00-04:00,2025-09-05 16:45:00,13.3,13.3,1.9,4.7,9.7,115,0,0.3,1.1,1.5,1.5,413.3,678.4,57,0,80.7,1,8,678.4,79,2.4,4,33,1
2025-09-05T16:40:00-04:00,2025-09-05 16:40:00,13.1,13.1,3.3,3.3,9.7,76,0,0.3,1.1,1.5,1.5,413.3,678.3,59,0,99.5,1,8,678.3,103,2.4,4,33,1
2025-09-05T16:35:00-04:00,2025-09-05 16:35:00,13.1,13.1,3.1,5.8,9.7,62,0,0.3,1.1,1.5,1.5,413.3,678.4,60,0,81.6,2,8,678.4,104,3.2,8,33,1
2025-09-05T16:30:00-04:00,2025-09-05 16:30:00,13.3,13.3,1.8,4.9,9.7,140,0,0.3,1.1,1.5,1.5,413.3,678.4,59,0,80.9,2,8,678.4,105,3.6,8,33,1
2025-09-05T16:25:00-04:00,2025-09-05 16:25:00,13.1,13.1,2.6,5.6,9.7,114,0,0.3,1.1,1.5,1.5,413.3,678.4,61,2,238,2,8,678.4,133,3.4,8,33,1
2025-09-05T16:20:00-04:00,2025-09-05 16:20:00,13.9,13.9,3,9.7,9.7,111,0,0.3,1.1,1.5,1.5,413.3,678.6,56,2,316.4,2,8,678.6,135,2.6,8,33,1
2025-09-05T16:15:00-04:00,2025-09-05 16:15:00,13.6,13.6,2.6,3.8,7.7,129,0,0.3,1.1,1.5,1.5,413.3,678.6,59,3,393.5,1,8,678.6,135,2.4,4,33,1
2025-09-05T16:10:00-04:00,2025-09-05 16:10:00,12.8,12.8,1.8,6.6,7.7,166,0,0.3,1.1,1.5,1.5,413.3,678.7,62,1,151.5,1,8,678.7,258,1.6,4,33,1
2025-09-05T16:05:00-04:00,2025-09-05 16:05:00,13.1,13.1,1.1,1.7,7.7,49,0,0.3,1.1,1.5,1.5,413.3,678.7,62,1,127.2,1,8,678.7,283,0.9,4,33,1
2025-09-05T16:00:00-04:00,2025-09-05 16:00:00,13.9,13.9,0.6,1.9,7.7,296,0,0.3,1.1,1.5,1.5,413.3,678.7,62,1,129.6,1,8,678.7,53,1,4,33,1
2025-09-05T15:55:00-04:00,2025-09-05 15:55:00,13.7,13.7,1.5,2.1,7.7,328,0,0.3,1.1,1.5,1.5,413.3,678.7,62,1,173.2,1,8,678.7,56,1,4,33,1
2025-09-05T15:50:00-04:00,2025-09-05 15:50:00,13.1,13.1,1.4,2,7.7,329,0,0.3,1.1,1.5,1.5,413.3,678.8,68,4,521.1,1,8,678.8,53,1,4,33,1
2025-09-05T15:45:00-04:00,2025-09-05 15:45:00,12.1,12.1,0.6,1.3,7.7,305,0,0.3,1.1,1.5,1.5,413.3,679,74,3,416.5,4,8,679,74,1.6,17,33,1
2025-09-05T15:40:00-04:00,2025-09-05 15:40:00,11.1,11.1,1.5,2.4,7.7,67,0.6,0.3,1.1,1.5,1.5,413.3,679.1,72,1,201.9,4,8,679.1,67,2,17,33,1
2025-09-05T15:35:00-04:00,2025-09-05 15:35:00,11.3,11.3,0.6,4.9,7.7,161,1.8,0.3,1.1,1.5,1.5,413.3,679.2,71,2,249.5,2,8,679.2,351,2.5,8,33,1
2025-09-05T15:30:00-04:00,2025-09-05 15:30:00,12,12,2.7,6.5,7.7,12,0.6,0.1,0.9,1.3,1.3,413.1,679.1,65,1,161.5,2,8,679.1,3,2.4,8,33,1
2025-09-05T15:25:00-04:00,2025-09-05 15:25:00,13.2,13.2,2.4,4.8,7.7,9,0,0,0.8,1.2,1.2,413,679.2,61,1,109.4,3,8,679.2,109,1.8,13,33,1
2025-09-05T15:20:00-04:00,2025-09-05 15:20:00,13.2,13.2,2.8,5,7.7,100,0,0,0.8,1.2,1.2,413,679.1,57,0,103.5,3,8,679.1,109,2.1,13,33,1
2025-09-05T15:15:00-04:00,2025-09-05 15:15:00,13.5,13.5,1.2,2.5,7.7,73,0,0,0.8,1.2,1.2,413,679.1,57,1,146.5,1,8,679.1,86,1.6,4,33,1
2025-09-05T15:10:00-04:00,2025-09-05 15:10:00,13.8,13.8,2.4,2.6,7.7,134,0,0,0.8,1.2,1.2,413,679.1,56,1,190.7,1,8,679.1,135,1.6,4,33,1
2025-09-05T15:05:00-04:00,2025-09-05 15:05:00,13.3,13.3,0.9,5.2,7.7,221,0,0,0.8,1.2,1.2,413,679.2,57,2,217.8,1,8,679.2,137,2.3,4,33,1
2025-09-05T15:00:00-04:00,2025-09-05 15:00:00,13.6,13.6,2.2,4,7.7,161,0,0,0.8,1.2,1.2,413,679,64,1,204.9,1,8,679,271,1.3,4,33,1
2025-09-05T14:55:00-04:00,2025-09-05 14:55:00,13.8,13.8,0.8,3.6,7.7,299,0,0,0.8,1.2,1.2,413,679,61,2,236.5,2,8,679,327,1.2,8,33,1
2025-09-05T14:50:00-04:00,2025-09-05 14:50:00,13.2,13.2,2.3,4.2,7.7,241,0,0,0.8,1.2,1.2,413,679.1,61,4,446.3,2,8,679.1,139,2,8,33,1
2025-09-05T14:45:00-04:00,2025-09-05 14:45:00,12.8,12.8,6.3,6.3,7.7,125,0,0,0.8,1.2,1.2,413,679.3,64,2,285.2,1,8,679.3,139,2,4,33,1
2025-09-05T14:40:00-04:00,2025-09-05 14:40:00,13.1,13.1,1.2,6,7.7,145,0,0,0.8,1.2,1.2,413,679.4,63,1,192.8,1,8,679.4,173,1.3,4,33,1
2025-09-05T14:35:00-04:00,2025-09-05 14:35:00,13.2,13.2,1.7,2.9,7.7,219,0,0,0.8,1.2,1.2,413,679.7,57,1,154.6,1,8,679.7,255,1.3,4,33,1
2025-09-05T14:30:00-04:00,2025-09-05 14:30:00,13,13,1.3,2,7.7,255,0,0,0.8,1.2,1.2,413,679.9,57,2,221.7,1,8,679.9,255,1,4,33,1
2025-09-05T14:25:00-04:00,2025-09-05 14:25:00,12.8,12.8,1,2,7.7,254,0,0,0.8,1.2,1.2,413,679.9,57,1,133,1,8,679.9,277,1.2,4,33,1
2025-09-05T14:20:00-04:00,2025-09-05 14:20:00,12.6,12.6,1.3,2.9,7.7,304,0,0,0.8,1.2,1.2,413,679.8,57,0,107.5,1,8,679.8,278,1.9,4,33,1
2025-09-05T14:15:00-04:00,2025-09-05 14:15:00,12.7,12.7,0.7,2.3,7.7,269,0,0,0.8,1.2,1.2,413,679.8,57,1,143.8,1,8,679.8,282,1.1,4,33,1
2025-09-05T14:10:00-04:00,2025-09-05 14:10:00,13.6,13.6,1.2,1.9,7.7,230,0,0,0.8,1.2,1.2,413,680,58,1,194.1,1,8,680,301,0.9,4,33,1
2025-09-05T14:05:00-04:00,2025-09-05 14:05:00,13.4,13.4,0,1.3,7.7,269,0,0,0.8,1.2,1.2,413,679.8,58,2,235.1,3,8.1,679.8,57,1.8,13,34,1
2025-09-05T14:00:00-04:00,2025-09-05 14:00:00,13.1,13.1,2.6,3,7.7,57,0,0,0.8,1.2,1.2,413,679.9,57,1,129.8,3,8.1,679.9,70,2.9,13,34,1
2025-09-05T13:55:00-04:00,2025-09-05 13:55:00,13.2,13.2,4,7,7.7,35,0,0,0.8,1.2,1.2,413,680.2,57,1,178.8,1,8.1,680.2,42,2.9,4,34,1
2025-09-05T13:50:00-04:00,2025-09-05 13:50:00,14.3,14.3,0,3.7,7.7,41,0,0,0.8,1.2,1.2,413,680,55,2,289.5,1,8.1,680,48,1.8,4,34,1
2025-09-05T13:45:00-04:00,2025-09-05 13:45:00,14.3,14.3,1.7,5.4,7.7,67,0,0,0.8,1.2,1.2,413,680.2,55,3,356.3,2,8.1,680.2,67,1.6,8,34,1
2025-09-05T13:40:00-04:00,2025-09-05 13:40:00,14.5,14.5,1.6,2.6,7.7,110,0,0,0.8,1.2,1.2,413,680.3,55,5,567.8,2,8.1,680.3,43,1.9,8,34,1
2025-09-05T13:35:00-04:00,2025-09-05 13:35:00,13.7,13.7,2,4,7.7,80,0,0,0.8,1.2,1.2,413,680.4,56,3,356.9,1,8.1,680.4,80,2.1,4,34,1
2025-09-05T13:30:00-04:00,2025-09-05 13:30:00,14.4,14.4,6.2,6.2,7,17,0,0,0.8,1.2,1.2,413,680.4,52,2,238.3,1,8.1,680.4,85,1,4,34,1
2025-09-05T13:25:00-04:00,2025-09-05 13:25:00,14.3,14.3,0,1,7,101,0,0,0.8,1.2,1.2,413,680.4,53,2,280.1,4,8.2,680.4,85,0.6,17,34,1
2025-09-05T13:20:00-04:00,2025-09-05 13:20:00,13.9,13.9,0.6,1,7,293,0,0,0.8,1.2,1.2,413,680.4,52,2,306.9,4,8.2,680.4,40,0.9,17,34,1
2025-09-05T13:15:00-04:00,2025-09-05 13:15:00,13.2,13.2,1.2,3,7,356,0,0,0.8,1.2,1.2,413,680.4,54,3,323.2,2,8.2,680.4,339,1.4,8,34,1
2025-09-05T13:10:00-04:00,2025-09-05 13:10:00,13.4,13.4,1.4,3.1,7,49,0,0,0.8,1.2,1.2,413,680.4,56,2,301.2,2,8.2,680.4,18,1.2,8,34,1
2025-09-05T13:05:00-04:00,2025-09-05 13:05:00,13.8,13.8,1.2,1.7,7,42,0,0,0.8,1.2,1.2,413,680.5,54,2,251.1,2,8.3,680.5,18,0.8,8,35,1
2025-09-05T13:00:00-04:00,2025-09-05 13:00:00,14.2,14.2,1.8,3.6,7,24,0,0,0.8,1.2,1.2,413,680.5,52,2,228.6,2,8.3,680.5,107,0.8,8,35,1
2025-09-05T12:55:00-04:00,2025-09-05 12:55:00,14,14,1,1.9,7,104,0,0,0.8,1.2,1.2,413,680.7,52,1,211.8,3,8.3,680.7,349,1,13,35,1
2025-09-05T12:50:00-04:00,2025-09-05 12:50:00,13.9,13.9,0.9,3.7,7,54,0,0,0.8,1.2,1.2,413,680.8,54,2,269.7,3,8.3,680.8,62,1.7,13,35,1
2025-09-05T12:45:00-04:00,2025-09-05 12:45:00,13.6,13.6,3.3,3.5,7,89,0,0,0.8,1.2,1.2,413,680.9,55,3,330.4,3,8.3,680.9,65,2,13,35,1
2025-09-05T12:40:00-04:00,2025-09-05 12:40:00,13,13,2.4,4.4,7,65,0,0,0.8,1.2,1.2,413,681,55,3,362.1,3,8.3,681,36,2,13,35,1
2025-09-05T12:35:00-04:00,2025-09-05 12:35:00,12.8,12.8,1.2,3.9,6.6,57,0,0,0.8,1.2,1.2,413,681.1,57,3,342.4,3,8.3,681.1,42,2.5,13,35,1
2025-09-05T12:30:00-04:00,2025-09-05 12:30:00,12.8,12.8,2.8,5.3,6.6,68,0,0,0.8,1.2,1.2,413,681.1,59,3,334.7,3,8.3,681.1,38,2.2,13,35,1
2025-09-05T12:25:00-04:00,2025-09-05 12:25:00,13,13,2,4.1,6.6,18,0,0,0.8,1.2,1.2,413,681.3,59,3,389.9,7,8.3,681.3,0,1.1,29,35,1
2025-09-05T12:20:00-04:00,2025-09-05 12:20:00,13.1,13.1,0,2.4,6.6,25,0,0,0.8,1.2,1.2,413,681.3,65,1,206.6,7,8.3,681.3,7,1.1,29,35,1
2025-09-05T12:15:00-04:00,2025-09-05 12:15:00,13.4,13.4,1.7,2,6.6,258,0,0,0.8,1.2,1.2,413,681.2,66,1,192.9,7,8.3,681.2,10,1.2,29,35,1
2025-09-05T12:10:00-04:00,2025-09-05 12:10:00,13,13,1.9,2,6.6,308,0,0,0.8,1.2,1.2,413,681.3,66,1,200.9,7,8.3,681.3,13,1.4,29,35,1
2025-09-05T12:05:00-04:00,2025-09-05 12:05:00,13.1,13.1,2.5,3.3,6.6,8,0,0,0.8,1.2,1.2,413,681.2,67,1,201.5,7,8.3,681.2,13,1.5,29,35,1
2025-09-05T12:00:00-04:00,2025-09-05 12:00:00,12.8,12.8,0,2.3,6.6,256,0,0,0.8,1.2,1.2,413,681.4,68,2,218.2,7,8.3,681.4,328,1.6,29,35,1
2025-09-05T11:55:00-04:00,2025-09-05 11:55:00,12.8,12.8,2.2,3.2,6.6,325,0,0,0.8,1.2,1.2,413,681.3,69,2,225.8,4,8.2,681.3,325,2,17,34,1
2025-09-05T11:50:00-04:00,2025-09-05 11:50:00,13,13,1.9,2.7,6.6,315,0,0,0.8,1.2,1.2,413,681.3,68,2,257.1,4,8.2,681.3,299,1.9,17,34,1
2025-09-05T11:45:00-04:00,2025-09-05 11:45:00,13.1,13.1,1.6,3.6,6.6,194,0,0,0.8,1.2,1.2,413,681.6,69,2,303,6,8.3,681.6,105,1.9,25,35,1
2025-09-05T11:40:00-04:00,2025-09-05 11:40:00,12.9,12.9,1,3.2,6.6,109,0,0,0.8,1.2,1.2,413,681.4,69,3,341.9,6,8.3,681.4,308,2.1,25,35,1
2025-09-05T11:35:00-04:00,2025-09-05 11:35:00,12.5,12.5,2.2,3.6,6.6,345,0,0,0.8,1.2,1.2,413,681.6,69,5,550.3,6,8.3,681.6,315,2.3,25,35,1
2025-09-05T11:30:00-04:00,2025-09-05 11:30:00,12.7,12.7,4.4,5.1,6.6,321,0,0,0.8,1.2,1.2,413,681.6,68,3,365.4,6,8.3,681.6,256,2.3,25,35,1
2025-09-05T11:25:00-04:00,2025-09-05 11:25:00,12.3,12.3,1.6,4.2,6.6,245,0,0,0.8,1.2,1.2,413,681.6,70,3,353.4,12,8.2,681.6,245,2.1,50,34,1
2025-09-05T11:20:00-04:00,2025-09-05 11:20:00,12.8,12.8,2.1,3.9,6.6,260,0,0,0.8,1.2,1.2,413,681.7,71,2,292,12,8.2,681.7,264,1.9,50,34,1
2025-09-05T11:15:00-04:00,2025-09-05 11:15:00,12.5,12.5,1.7,3.5,6.6,214,0,0,0.8,1.2,1.2,413,681.8,67,2,273,17,8.2,681.8,214,1.8,61,34,1
2025-09-05T11:10:00-04:00,2025-09-05 11:10:00,12.6,12.6,2.2,3.7,6.6,234,0,0,0.8,1.2,1.2,413,681.7,70,3,390.9,17,8.2,681.7,211,1.8,61,34,1
2025-09-05T11:05:00-04:00,2025-09-05 11:05:00,12.3,12.3,1.1,3,6.6,173,0,0,0.8,1.2,1.2,413,681.8,70,2,298.3,11,8.1,681.8,214,1.7,46,34,1
2025-09-05T11:00:00-04:00,2025-09-05 11:00:00,12.1,12.1,1.2,3.8,6.6,227,0,0,0.8,1.2,1.2,413,681.9,71,2,268.8,11,8.1,681.9,214,1.5,46,34,1
2025-09-05T10:55:00-04:00,2025-09-05 10:55:00,12,12,0.7,2.4,6.6,244,0,0,0.8,1.2,1.2,413,681.9,73,2,314.9,15,8.1,681.9,244,2,57,34,1
2025-09-05T10:50:00-04:00,2025-09-05 10:50:00,11.6,11.6,2,6,6.6,210,0,0,0.8,1.2,1.2,413,682,75,2,285.9,15,8.1,682,239,1.9,57,34,1
2025-09-05T10:45:00-04:00,2025-09-05 10:45:00,12,12,1.3,3.5,6.6,243,0,0,0.8,1.2,1.2,413,682,74,2,280.4,14,8,682,205,1.5,55,33,1
2025-09-05T10:40:00-04:00,2025-09-05 10:40:00,11.5,11.5,1.1,4.6,6.6,143,0,0,0.8,1.2,1.2,413,682.2,75,1,207.5,14,8,682.2,210,2.1,55,33,1
2025-09-05T10:35:00-04:00,2025-09-05 10:35:00,11.2,11.2,2.5,4.2,6.6,176,0,0,0.8,1.2,1.2,413,682.2,75,1,196.2,16,7.9,682.2,211,2.4,59,33,1
2025-09-05T10:30:00-04:00,2025-09-05 10:30:00,11.5,11.5,4,4.5,5.9,253,0,0,0.8,1.2,1.2,413,682.2,74,1,166.2,16,7.9,682.2,206,2.5,59,33,1
2025-09-05T10:25:00-04:00,2025-09-05 10:25:00,11.5,11.5,2,4.8,5.9,207,0,0,0.8,1.2,1.2,413,682.3,73,1,175.6,16,7.8,682.3,207,2.8,59,33,1
2025-09-05T10:20:00-04:00,2025-09-05 10:20:00,11.5,11.5,4.6,5.7,5.9,241,0,0,0.8,1.2,1.2,413,682.2,73,1,202.4,16,7.8,682.2,201,2.8,59,33,1
2025-09-05T10:15:00-04:00,2025-09-05 10:15:00,12.1,12.1,2.9,4.6,5.9,228,0,0,0.8,1.2,1.2,413,682.1,71,3,347.1,28,7.7,682.1,228,2.3,84,32,1
2025-09-05T10:10:00-04:00,2025-09-05 10:10:00,12.1,12.1,2.1,3.4,5.9,230,0,0,0.8,1.2,1.2,413,682.3,68,9,875.3,28,7.7,682.3,195,2,84,32,1
2025-09-05T10:05:00-04:00,2025-09-05 10:05:00,11.7,11.7,1,3.6,5.9,208,0,0,0.8,1.2,1.2,413,682.3,68,3,422.5,26,7.5,682.3,203,1.5,80,31,1
2025-09-05T10:00:00-04:00,2025-09-05 10:00:00,11.7,11.7,1.3,2.7,5.9,242,0,0,0.8,1.2,1.2,413,682.2,71,8,792.1,26,7.5,682.2,145,1.5,80,31,1
2025-09-05T09:55:00-04:00,2025-09-05 09:55:00,11.5,11.5,1.5,4.2,5.9,267,0,0,0.8,1.2,1.2,413,682.3,71,6,687.9,19,7.3,682.3,236,2,66,30,1
2025-09-05T09:50:00-04:00,2025-09-05 09:50:00,11.7,11.7,1.7,3.3,5.9,188,0,0,0.8,1.2,1.2,413,682.3,72,6,651.8,19,7.3,682.3,266,1.6,66,30,1
2025-09-05T09:45:00-04:00,2025-09-05 09:45:00,12,12,1.7,5.9,5.9,217,0,0,0.8,1.2,1.2,413,682.1,70,5,630.5,26,7.2,682.1,166,0.9,80,30,1
2025-09-05T09:40:00-04:00,2025-09-05 09:40:00,11.1,11.1,0.6,1.5,5.2,310,0,0,0.8,1.2,1.2,413,682.1,72,5,641.2,26,7.2,682.1,240,1.2,80,30,1
2025-09-05T09:35:00-04:00,2025-09-05 09:35:00,10.7,10.7,1.2,3.3,5.2,247,0,0,0.8,1.2,1.2,413,682.1,72,2,317.2,26,7.1,682.1,219,1.6,80,30,1
2025-09-05T09:30:00-04:00,2025-09-05 09:30:00,10.8,10.8,0.6,4.4,5.2,18,0,0,0.8,1.2,1.2,413,682.1,71,3,382.9,26,7.1,682.1,223,1.4,80,30,1
2025-09-05T09:25:00-04:00,2025-09-05 09:25:00,11.3,11.3,0.9,2.4,5.2,228,0,0,0.8,1.2,1.2,413,682,70,1,197.3,32,6.9,682,182,1,93,29,1
2025-09-05T09:20:00-04:00,2025-09-05 09:20:00,11.7,11.7,1.3,1.9,5.2,129,0,0,0.8,1.2,1.2,413,682,69,1,159.2,32,6.9,682,182,1,93,29,1
2025-09-05T09:15:00-04:00,2025-09-05 09:15:00,13.1,13.1,1.5,2,5.2,188,0,0,0.8,1.2,1.2,413,682.1,64,2,218.8,26,6.7,682.1,119,1,80,28,1
2025-09-05T09:10:00-04:00,2025-09-05 09:10:00,12.1,12.1,1.3,2.7,5.2,152,0,0,0.8,1.2,1.2,413,682.1,69,3,410.6,26,6.7,682.1,203,1,80,28,1
2025-09-05T09:05:00-04:00,2025-09-05 09:05:00,11.7,11.7,1.3,2.1,5.2,203,0,0,0.8,1.2,1.2,413,681.9,69,2,242.9,32,6.5,681.9,177,1,93,27,1
2025-09-05T09:00:00-04:00,2025-09-05 09:00:00,12,12,1.4,1.9,5.2,190,0,0,0.8,1.2,1.2,413,682.2,67,4,474.4,32,6.5,682.2,168,0.8,93,27,1
2025-09-05T08:55:00-04:00,2025-09-05 08:55:00,11.7,11.7,0.6,1.7,5.2,171,0,0,0.8,1.2,1.2,413,682,70,2,310,32,6.3,682,171,0.8,93,26,1
2025-09-05T08:50:00-04:00,2025-09-05 08:50:00,11.7,11.7,1.4,1.7,5.2,248,0,0,0.8,1.2,1.2,413,681.9,69,4,453,32,6.3,681.9,164,0.7,93,26,1
2025-09-05T08:45:00-04:00,2025-09-05 08:45:00,11.9,11.9,0,1.6,5.2,18,0,0,0.8,1.2,1.2,413,681.9,72,4,436.5,,,681.9,139,0.9,82,21,1
2025-09-05T08:40:00-04:00,2025-09-05 08:40:00,10.6,10.6,0.9,1.4,5.2,192,0,0,0.8,1.2,1.2,413,682.1,75,3,336.1,,,682.1,304,1.2,82,21,1
2025-09-05T08:35:00-04:00,2025-09-05 08:35:00,11,11,1.6,2.1,5.2,273,0,0,0.8,1.2,1.2,413,682,73,2,240.7,,,682,159,0.7,82,21,1
2025-09-05T08:30:00-04:00,2025-09-05 08:30:00,12.7,12.7,0.7,1.2,5.2,49,0,0,0.8,1.2,1.2,413,681.8,69,3,397.6,,,681.8,154,0.5,82,21,1
2025-09-05T08:25:00-04:00,2025-09-05 08:25:00,12.3,12.3,0.6,1.5,5.2,105,0,0,0.8,1.2,1.2,413,681.8,73,3,359,,,681.8,105,0.6,82,21,1
2025-09-05T08:20:00-04:00,2025-09-05 08:20:00,11.8,11.8,0,1.8,5.2,148,0,0,0.8,1.2,1.2,413,681.9,75,2,319.6,,,681.9,82,0.9,82,21,1
2025-09-05T08:15:00-04:00,2025-09-05 08:15:00,11.5,11.5,0,1.6,5.2,89,0,0,0.8,1.2,1.2,413,682.1,81,2,288,,,682.1,68,0.9,82,21,1
2025-09-05T08:10:00-04:00,2025-09-05 08:10:00,10.7,10.7,0.8,1.2,5.2,59,0,0,0.8,1.2,1.2,413,682,87,2,267.3,,,682,48,0.7,82,21,1
2025-09-05T08:05:00-04:00,2025-09-05 08:05:00,10,10,0,1.1,5.2,148,0,0,0.8,1.2,1.2,413,681.9,89,2,234.2,,,681.9,57,0.8,82,21,1
2025-09-05T08:00:00-04:00,2025-09-05 08:00:00,8.8,8.8,1.1,1.7,5.2,73,0,0,0.8,1.2,1.2,413,681.8,91,1,211,,,681.8,65,1,82,21,1
2025-09-05T07:55:00-04:00,2025-09-05 07:55:00,8.6,8.6,1.1,1.9,5.2,76,0,0,0.8,1.2,1.2,413,681.8,92,0,76.4,,,681.8,55,0.8,82,21,1
2025-09-05T07:50:00-04:00,2025-09-05 07:50:00,8.1,8.1,0.9,1.9,5.2,55,0,0,0.8,1.2,1.2,413,681.7,92,1,173.3,,,681.7,55,0.7,82,21,1
2025-09-05T07:45:00-04:00,2025-09-05 07:45:00,7.7,7.7,0.8,2.1,5.2,64,0,0,0.8,1.2,1.2,413,681.6,92,0,50.1,,,681.6,63,0.8,82,21,1
2025-09-05T07:40:00-04:00,2025-09-05 07:40:00,7.6,7.6,0.9,1.5,5.2,71,0,0,0.8,1.2,1.2,413,681.5,93,0,45.5,,,681.5,54,0.7,82,21,1
2025-09-05T07:35:00-04:00,2025-09-05 07:35:00,7.5,7.5,0.6,1.2,5.2,53,0,0,0.8,1.2,1.2,413,681.5,93,0,54.4,,,681.5,284,0,82,21,1
2025-09-05T07:30:00-04:00,2025-09-05 07:30:00,7.4,7.4,0,0.6,5.2,229,0,0,0.8,1.2,1.2,413,681.7,93,0,50.6,,,681.7,46,0,82,21,1
2025-09-05T07:25:00-04:00,2025-09-05 07:25:00,7.4,7.4,0.6,0.9,5.2,15,0,0,0.8,1.2,1.2,413,681.6,93,0,46.5,,,681.6,46,0,82,21,1
2025-09-05T07:20:00-04:00,2025-09-05 07:20:00,7.5,7.5,0,0.6,5.2,11,0,0,0.8,1.2,1.2,413,681.5,93,0,40.3,,,681.5,278,0,82,21,1
2025-09-05T07:15:00-04:00,2025-09-05 07:15:00,7.4,7.4,1,1.4,5.2,300,0,0,0.8,1.2,1.2,413,681.4,93,0,30.9,,,681.4,251,0,82,21,1
2025-09-05T07:10:00-04:00,2025-09-05 07:10:00,7.5,7.5,0,0.8,5.2,224,0,0,0.8,1.2,1.2,413,681.4,92,0,24.1,,,681.4,276,0.7,82,21,1
2025-09-05T07:05:00-04:00,2025-09-05 07:05:00,7.4,7.4,0,1.2,5.2,269,0,0,0.8,1.2,1.2,413,681.4,92,0,21.6,,,681.4,277,1.2,82,21,1
2025-09-05T07:00:00-04:00,2025-09-05 07:00:00,7.5,6.9,1.4,2,5.2,272,0,0,0.8,1.2,1.2,413,681.3,92,0,12.7,,,681.3,277,1.2,82,21,1
2025-09-05T06:55:00-04:00,2025-09-05 06:55:00,7.4,6.6,1.5,2,5.2,350,0,0,0.8,1.2,1.2,413,681.4,92,0,8.3,,,681.4,281,1.2,82,21,1
2025-09-05T06:50:00-04:00,2025-09-05 06:50:00,7.5,7.5,0.9,1.9,5.2,289,0,0,0.8,1.2,1.2,413,681.2,91,0,5.2,,,681.2,290,1.1,82,21,1
2025-09-05T06:45:00-04:00,2025-09-05 06:45:00,7.5,7.5,1.3,1.8,5.2,271,0,0,0.8,1.2,1.2,413,681.3,91,0,3.2,,,681.3,294,0,82,21,1
2025-09-05T06:40:00-04:00,2025-09-05 06:40:00,7.5,7.5,0,0.6,5.2,89,0,0,0.8,1.2,1.2,413,681.1,91,0,2.5,,,681.1,66,0.6,82,21,1
2025-09-05T06:35:00-04:00,2025-09-05 06:35:00,7.5,7.5,0.6,1.3,5.2,110,0,0,0.8,1.2,1.2,413,681.2,91,0,1.6,,,681.2,64,0.7,82,21,1
2025-09-05T06:30:00-04:00,2025-09-05 06:30:00,7.6,7.6,1.1,1.4,5.2,49,0,0,0.8,1.2,1.2,413,681.1,91,0,0.7,,,681.1,57,0.5,82,21,1
2025-09-05T06:25:00-04:00,2025-09-05 06:25:00,7.6,7.6,0.5,1.1,5.2,64,0,0,0.8,1.2,1.2,413,681,91,0,0.2,,,681,79,0.5,82,21,1
2025-09-05T06:20:00-04:00,2025-09-05 06:20:00,7.5,7.5,0,0.8,5.2,103,0,0,0.8,1.2,1.2,413,681,91,0,0,,,681,349,0.8,82,21,1
2025-09-05T06:15:00-04:00,2025-09-05 06:15:00,7.4,7.4,1.1,1.5,5.2,349,0,0,0.8,1.2,1.2,413,681,91,0,0,,,681,341,0.8,82,21,1
2025-09-05T06:10:00-04:00,2025-09-05 06:10:00,7.4,7.4,1.1,2,5.2,345,0,0,0.8,1.2,1.2,413,680.9,91,0,0,,,680.9,13,0.7,82,21,1
2025-09-05T06:05:00-04:00,2025-09-05 06:05:00,7.4,7.4,0.5,1,5.2,312,0,0,0.8,1.2,1.2,413,681,92,0,0,,,681,42,0,82,21,1
2025-09-05T06:00:00-04:00,2025-09-05 06:00:00,7.3,7.3,0,1.1,5.2,42,0,0,0.8,1.2,1.2,413,680.7,91,0,0,,,680.7,291,0,82,21,1
2025-09-05T05:55:00-04:00,2025-09-05 05:55:00,7.3,7.3,0,1.2,5.2,35,0,0,0.8,1.2,1.2,413,680.9,92,0,0,27,5.9,680.9,292,0.7,82,21,1
2025-09-05T05:50:00-04:00,2025-09-05 05:50:00,7.3,7.3,0,0.9,5.2,16,0,0,0.8,1.2,1.2,413,680.7,92,0,0,27,5.9,680.7,266,0.9,82,21,1
2025-09-05T05:45:00-04:00,2025-09-05 05:45:00,7.2,7.2,0.9,2.4,5.2,276,0,0,0.8,1.2,1.2,413,680.7,92,0,0,27,5.8,680.7,293,1.5,82,21,1
2025-09-05T05:40:00-04:00,2025-09-05 05:40:00,7.1,7.1,1.1,2.8,5.2,311,0,0,0.8,1.2,1.2,413,680.6,93,0,0,27,5.8,680.6,308,1.3,82,21,1
2025-09-05T05:35:00-04:00,2025-09-05 05:35:00,7.2,6.3,1.7,2,5.2,327,0,0,0.8,1.2,1.2,413,680.8,93,0,0,27,5.6,680.8,324,1,82,21,1
2025-09-05T05:30:00-04:00,2025-09-05 05:30:00,7.2,7.2,1,1.5,5.2,323,0,0,0.8,1.2,1.2,413,680.8,93,0,0,27,5.6,680.8,25,0.7,82,21,1
2025-09-05T05:25:00-04:00,2025-09-05 05:25:00,7.3,7.3,0.6,1.6,5.2,312,0,0,0.8,1.2,1.2,413,680.5,93,0,0,27,5.4,680.5,14,0.9,82,21,1
2025-09-05T05:20:00-04:00,2025-09-05 05:20:00,7.2,7.2,0.8,1.6,5.2,343,0,0,0.8,1.2,1.2,413,680.4,93,0,0,27,5.4,680.4,326,1.2,82,21,1
2025-09-05T05:15:00-04:00,2025-09-05 05:15:00,7.2,6.6,1.4,2.2,5.2,319,0,0,0.8,1.2,1.2,413,680.2,93,0,0,27,5.2,680.2,292,1.2,82,21,1
2025-09-05T05:10:00-04:00,2025-09-05 05:10:00,7.3,7.3,1.2,1.9,5.2,257,0,0,0.8,1.2,1.2,413,680.3,92,0,0,27,5.2,680.3,305,1,82,21,1
2025-09-05T05:05:00-04:00,2025-09-05 05:05:00,7.4,7.4,0.7,2.5,5.2,111,0,0,0.8,1.2,1.2,413,680.3,92,0,0,27,5.1,680.3,44,0.9,82,21,1
2025-09-05T05:00:00-04:00,2025-09-05 05:00:00,7.3,7.3,1.1,1.9,5.2,39,0,0,0.8,1.2,1.2,413,680.3,92,0,0,27,5.1,680.3,52,1,82,21,1
2025-09-05T04:55:00-04:00,2025-09-05 04:55:00,7.3,7.3,1.1,2.4,5.2,57,0,0,0.8,1.2,1.2,413,680.3,92,0,0,,,680.3,52,0.8,53,19,1
2025-09-05T04:50:00-04:00,2025-09-05 04:50:00,7.2,7.2,0.7,1.2,5.2,7,0,0,0.8,1.2,1.2,413,680.4,92,0,0,,,680.4,330,0.7,53,19,1
2025-09-05T04:45:00-04:00,2025-09-05 04:45:00,7.2,7.2,1.1,1.7,5.2,345,0,0,0.8,1.2,1.2,413,680,92,0,0,,,680,61,1.2,53,19,1
2025-09-05T04:40:00-04:00,2025-09-05 04:40:00,7.2,7.2,1.2,2.7,5.2,14,0,0,0.8,1.2,1.2,413,680.3,92,0,0,,,680.3,324,1.1,53,19,1
2025-09-05T04:35:00-04:00,2025-09-05 04:35:00,7.2,7.2,1.1,1.5,5.2,13,0,0,0.8,1.2,1.2,413,679.9,92,0,0,,,679.9,356,0.9,53,19,1
2025-09-05T04:30:00-04:00,2025-09-05 04:30:00,7.2,7.2,0.8,1.1,5.2,40,0,0,0.8,1.2,1.2,413,680,92,0,0,,,680,319,1.3,53,19,1
2025-09-05T04:25:00-04:00,2025-09-05 04:25:00,7.2,7.2,1.2,2.2,5.2,298,0,0,0.8,1.2,1.2,413,680.3,92,0,0,,,680.3,322,1.3,53,19,1
2025-09-05T04:20:00-04:00,2025-09-05 04:20:00,7.2,6.4,1.6,3.2,5.2,323,0,0,0.8,1.2,1.2,413,680.1,92,0,0,,,680.1,323,1.2,53,19,1
2025-09-05T04:15:00-04:00,2025-09-05 04:15:00,7.3,5.8,2.3,2.8,5.2,320,0,0,0.8,1.2,1.2,413,680,92,0,0,,,680,1,1,53,19,1
2025-09-05T04:10:00-04:00,2025-09-05 04:10:00,7.4,7.4,0.9,1.3,5.2,18,0,0,0.8,1.2,1.2,413,680.1,92,0,0,,,680.1,327,0.9,53,19,1
2025-09-05T04:05:00-04:00,2025-09-05 04:05:00,7.5,7.5,0.7,2.2,5.2,314,0,0,0.8,1.2,1.2,413,679.9,92,0,0,,,679.9,325,1,53,19,1
2025-09-05T04:00:00-04:00,2025-09-05 04:00:00,7.5,7.5,0.6,1.6,5.2,350,0,0,0.8,1.2,1.2,413,680,91,0,0,,,680,324,0.9,53,19,1
2025-09-05T03:55:00-04:00,2025-09-05 03:55:00,7.5,7.5,0,1.9,5.2,330,0,0,0.8,1.2,1.2,413,680.2,91,0,0,,,680.2,299,1.3,53,19,1
2025-09-05T03:50:00-04:00,2025-09-05 03:50:00,7.5,6.9,1.4,2.5,5.2,308,0,0,0.8,1.2,1.2,413,680,91,0,0,,,680,291,1.4,53,19,1
2025-09-05T03:45:00-04:00,2025-09-05 03:45:00,7.5,6.5,1.8,2.1,5.2,307,0,0,0.8,1.2,1.2,413,679.9,91,0,0,,,679.9,80,0.8,53,19,1
2025-09-05T03:40:00-04:00,2025-09-05 03:40:00,7.6,7.6,0,1,5.2,89,0,0,0.8,1.2,1.2,413,679.9,91,0,0,,,679.9,80,1,53,19,1
2025-09-05T03:35:00-04:00,2025-09-05 03:35:00,7.5,7.5,1,1.9,5.2,91,0,0,0.8,1.2,1.2,413,680.2,91,0,0,13,4.8,680.2,89,1.3,53,19,1
2025-09-05T03:30:00-04:00,2025-09-05 03:30:00,7.6,7.6,1,1.9,5.2,97,0,0,0.8,1.2,1.2,413,680.2,91,0,0,13,4.8,680.2,91,0.6,53,19,1
2025-09-05T03:25:00-04:00,2025-09-05 03:25:00,7.5,7.5,0.5,1,5.2,82,0,0,0.8,1.2,1.2,413,680.3,91,0,0,13,4.7,680.3,38,0,53,19,1
2025-09-05T03:20:00-04:00,2025-09-05 03:20:00,7.6,7.6,0,0.8,5.2,352,0,0,0.8,1.2,1.2,413,680.4,91,0,0,13,4.7,680.4,72,0.5,53,19,1
2025-09-05T03:15:00-04:00,2025-09-05 03:15:00,7.6,7.6,0.5,1.4,5.2,167,0,0,0.8,1.2,1.2,413,680.4,91,0,0,13,4.7,680.4,81,0.9,53,19,1
2025-09-05T03:10:00-04:00,2025-09-05 03:10:00,7.6,7.6,1.3,2.1,5.2,93,0,0,0.8,1.2,1.2,413,680.5,90,0,0,13,4.7,680.5,84,1.1,53,19,1
2025-09-05T03:05:00-04:00,2025-09-05 03:05:00,7.6,7.6,1.2,2,5.2,99,0,0,0.8,1.2,1.2,413,680.6,90,0,0,13,4.6,680.6,66,0.8,53,19,1
2025-09-05T03:00:00-04:00,2025-09-05 03:00:00,7.7,7.7,0.5,1.1,5.2,50,0,0,0.8,1.2,1.2,413,680.5,90,0,0,13,4.6,680.5,60,0.5,53,19,1
2025-09-05T02:55:00-04:00,2025-09-05 02:55:00,7.7,7.7,0.8,1,5.2,344,0,0,0.8,1.2,1.2,413,680.5,90,0,0,13,4.5,680.5,269,0,53,19,1
2025-09-05T02:50:00-04:00,2025-09-05 02:50:00,7.7,7.7,0,0.5,5.2,81,0,0,0.8,1.2,1.2,413,680.5,89,0,0,13,4.5,680.5,269,0,53,19,1
2025-09-05T02:45:00-04:00,2025-09-05 02:45:00,7.7,7.7,0,0.6,5.2,38,0,0.8,0.8,1.2,1.2,413,680.4,89,0,0,13,4.5,680.4,8,0,53,19,1
2025-09-05T02:40:00-04:00,2025-09-05 02:40:00,7.9,7.9,0.5,1.2,5.2,8,0,0.8,0.8,1.2,1.2,413,680.6,89,0,0,13,4.5,680.6,8,0.8,53,19,1
2025-09-05T02:35:00-04:00,2025-09-05 02:35:00,7.9,7.9,1.1,1.6,5.2,322,0,0.8,0.8,1.2,1.2,413,680.5,88,0,0,,,680.5,331,0.8,25,18,1
2025-09-05T02:30:00-04:00,2025-09-05 02:30:00,7.9,7.9,0.8,1.2,5.2,5,0,0.8,0.8,1.2,1.2,413,680.5,87,0,0,,,680.5,16,0.7,25,18,1
2025-09-05T02:25:00-04:00,2025-09-05 02:25:00,8,8,0.8,1.2,5.2,282,0,0.8,0.8,1.2,1.2,413,680.5,87,0,0,,,680.5,96,0.9,25,18,1
2025-09-05T02:20:00-04:00,2025-09-05 02:20:00,8,8,0.9,1.1,5.2,101,0,0.8,0.8,1.2,1.2,413,680.6,87,0,0,,,680.6,41,0.9,25,18,1
2025-09-05T02:15:00-04:00,2025-09-05 02:15:00,7.9,7.2,1.5,2,5.2,53,0,0.8,0.8,1.2,1.2,413,680.6,87,0,0,,,680.6,53,0.6,25,18,1
2025-09-05T02:10:00-04:00,2025-09-05 02:10:00,8.1,8.1,0,0.8,5.2,28,0,0.8,0.8,1.2,1.2,413,680.6,87,0,0,,,680.6,112,0,25,18,1
2025-09-05T02:05:00-04:00,2025-09-05 02:05:00,8.1,8.1,0,0.9,5.2,77,0,0.8,0.8,1.2,1.2,413,680.7,88,0,0,,,680.7,77,0.5,25,18,1
2025-09-05T02:00:00-04:00,2025-09-05 02:00:00,7.8,7.8,0,1.3,5.2,86,0,0.8,0.8,1.2,1.2,413,680.9,88,0,0,,,680.9,102,1.2,25,18,1
2025-09-05T01:55:00-04:00,2025-09-05 01:55:00,7.6,7.6,1.2,2.7,5.2,86,0,0.8,0.8,1.2,1.2,413,680.9,89,0,0,,,680.9,117,1.6,25,18,1
2025-09-05T01:50:00-04:00,2025-09-05 01:50:00,7.4,6.2,1.9,3.9,5.2,106,0,0.8,0.8,1.2,1.2,413,680.8,90,0,0,,,680.8,109,1.6,25,18,1
2025-09-05T01:45:00-04:00,2025-09-05 01:45:00,7.4,6.6,1.5,3.2,5.2,101,0,0.8,0.8,1.2,1.2,413,680.9,90,0,0,,,680.9,113,1.7,25,18,1
2025-09-05T01:40:00-04:00,2025-09-05 01:40:00,7.3,6,2,3.5,5.2,112,0,0.8,0.8,1.2,1.2,413,681.1,90,0,0,,,681.1,105,2,25,18,1
2025-09-05T01:35:00-04:00,2025-09-05 01:35:00,7.2,6.3,1.7,4.9,5.2,98,0,0.8,0.8,1.2,1.2,413,681.3,90,0,0,6,4.3,681.3,101,2.9,25,18,1
2025-09-05T01:30:00-04:00,2025-09-05 01:30:00,7.1,4.7,3.6,3.6,5.2,110,0,0.8,0.8,1.2,1.2,413,681.3,91,0,0,6,4.3,681.3,101,2.2,25,18,1
2025-09-05T01:25:00-04:00,2025-09-05 01:25:00,7,6.2,1.5,3.6,5.2,91,0,0.8,0.8,1.2,1.2,413,681.4,91,0,0,6,4.3,681.4,91,2,25,18,1
2025-09-05T01:20:00-04:00,2025-09-05 01:20:00,7.1,5.7,2.1,4,5.2,109,0,0.8,0.8,1.2,1.2,413,681.5,91,0,0,6,4.3,681.5,87,1.6,25,18,1
2025-09-05T01:15:00-04:00,2025-09-05 01:15:00,7.1,6,1.8,2.7,5.2,118,0,0.8,0.8,1.2,1.2,413,681.7,91,0,0,6,4.3,681.7,93,1.6,25,18,1
2025-09-05T01:10:00-04:00,2025-09-05 01:10:00,7.2,6,1.9,2.6,5.2,86,0.6,0.8,0.8,1.2,1.2,413,681.5,91,0,0,6,4.3,681.5,91,1.9,25,18,1
2025-09-05T01:05:00-04:00,2025-09-05 01:05:00,7.4,7.4,1.1,2.5,5.2,112,1.2,0.8,0.8,1.2,1.2,413,681.6,90,0,0,6,4.3,681.6,87,1.8,25,18,1
2025-09-05T01:00:00-04:00,2025-09-05 01:00:00,7.7,6.3,2.3,2.9,5.2,94,1.2,0.7,0.7,1.1,1.1,412.9,681.6,90,0,0,6,4.3,681.6,94,0.8,25,18,1
2025-09-05T00:55:00-04:00,2025-09-05 00:55:00,7.8,7.8,0.6,1.1,5.2,133,1.8,0.6,0.6,1,1,412.8,681.7,89,0,0,6,4.3,681.7,316,0.7,25,18,1
2025-09-05T00:50:00-04:00,2025-09-05 00:50:00,7.8,7.8,0.7,2.1,5.2,274,2.4,0.5,0.5,0.9,0.9,412.7,681.9,88,0,0,6,4.3,681.9,278,1.8,25,18,1
2025-09-05T00:45:00-04:00,2025-09-05 00:45:00,8.3,6.3,3.2,3.3,5.2,277,1.8,0.3,0.3,0.7,0.7,412.5,681.7,86,0,0,6,4.3,681.7,274,2.2,25,18,1
2025-09-05T00:40:00-04:00,2025-09-05 00:40:00,8.7,7.7,2,3.7,4,265,0,0,0,0.4,0.4,412.2,681.9,83,0,0,6,4.3,681.9,334,1.6,25,18,1
2025-09-05T00:35:00-04:00,2025-09-05 00:35:00,9,8,2,3.2,3.2,337,0,0,0,0.4,0.4,412.2,681.7,80,0,0,4,4.3,681.7,309,0.9,17,18,1
2025-09-05T00:30:00-04:00,2025-09-05 00:30:00,9,9,0,1.3,2.7,354,0,0,0,0.4,0.4,412.2,681.7,80,0,0,4,4.3,681.7,15,1.6,17,18,1
2025-09-05T00:25:00-04:00,2025-09-05 00:25:00,8.9,8.9,0.8,2.3,2.7,18,0,0,0,0.4,0.4,412.2,681.8,80,0,0,4,4.2,681.8,26,1.6,17,18,1
2025-09-05T00:20:00-04:00,2025-09-05 00:20:00,8.9,8.9,0.9,2.1,2.7,33,0,0,0,0.4,0.4,412.2,681.7,80,0,0,4,4.2,681.7,26,1.1,17,18,1
2025-09-05T00:15:00-04:00,2025-09-05 00:15:00,8.9,8.9,0.5,1.5,2,55,0,0,0,0.4,0.4,412.2,681.6,80,0,0,4,4.2,681.6,16,0.9,17,18,1
2025-09-05T00:10:00-04:00,2025-09-05 00:10:00,8.8,8.8,0.5,2,2,11,0,0,0,0.4,0.4,412.2,681.5,81,0,0,4,4.2,681.5,24,0.7,17,18,1
2025-09-05T00:05:00-04:00,2025-09-05 00:05:00,8.8,8.8,0,1.3,1.8,18,0,0,0,0.4,0.4,412.2,681.5,81,0,0,4,4.2,681.5,58,0.8,17,18,1
2025-09-05T00:00:00-04:00,2025-09-05 00:00:00,8.8,8.8,0,1.6,1.6,19,0,0,0,0.4,0.4,412.2,681.6,81,0,0,4,4.2,681.6,55,1.3,17,18,1
2025-09-04T23:55:00-04:00,2025-09-04 23:55:00,8.7,8.1,1.6,2.1,11,66,0,0,0,0.4,0.4,412.2,681.8,81,0,0,4,4.2,681.8,96,1.3,17,18,1
2025-09-04T23:50:00-04:00,2025-09-04 23:50:00,8.6,8.6,1.2,1.7,11,66,0,0,0,0.4,0.4,412.2,681.7,81,0,0,4,4.2,681.7,69,1.2,17,18,1
2025-09-04T23:45:00-04:00,2025-09-04 23:45:00,8.6,7.9,1.7,2,11,75,0,0,0,0.4,0.4,412.2,681.7,81,0,0,7,4.2,681.7,116,1.1,29,18,1
2025-09-04T23:40:00-04:00,2025-09-04 23:40:00,8.6,8.6,1.1,1.5,11,116,0,0,0,0.4,0.4,412.2,681.8,81,0,0,7,4.2,681.8,53,1,29,18,1
2025-09-04T23:35:00-04:00,2025-09-04 23:35:00,8.7,8.7,1.3,2.1,11,41,0,0,0,0.4,0.4,412.2,681.8,80,0,0,7,4.2,681.8,45,1.1,29,18,1
2025-09-04T23:30:00-04:00,2025-09-04 23:30:00,8.7,8.7,1,2,11,54,0,0,0,0.4,0.4,412.2,681.9,80,0,0,7,4.2,681.9,38,1.1,29,18,1
2025-09-04T23:25:00-04:00,2025-09-04 23:25:00,8.7,8.7,1.2,1.9,11,38,0,0,0,0.4,0.4,412.2,681.8,80,0,0,4,4.2,681.8,32,0.7,17,18,1
2025-09-04T23:20:00-04:00,2025-09-04 23:20:00,8.8,8.8,0,1.1,11,79,0,0,0,0.4,0.4,412.2,681.6,80,0,0,4,4.2,681.6,28,1.1,17,18,1
2025-09-04T23:15:00-04:00,2025-09-04 23:15:00,8.9,8.9,1.1,2.1,11,8,0,0,0,0.4,0.4,412.2,681.4,79,0,0,4,4.2,681.4,8,1.5,17,18,1
2025-09-04T23:10:00-04:00,2025-09-04 23:10:00,9,8.2,1.8,2.4,11,13,0,0,0,0.4,0.4,412.2,681.8,80,0,0,4,4.2,681.8,13,1.6,17,18,1
2025-09-04T23:05:00-04:00,2025-09-04 23:05:00,8.9,8.3,1.6,2.2,11,33,0,0,0,0.4,0.4,412.2,681.6,79,0,0,4,4.2,681.6,71,1.7,17,18,1
2025-09-04T23:00:00-04:00,2025-09-04 23:00:00,8.9,8.2,1.7,3.1,11,85,0,0,0,0.4,0.4,412.2,681.6,79,0,0,4,4.2,681.6,55,1.6,17,18,1
2025-09-04T22:55:00-04:00,2025-09-04 22:55:00,8.8,8.8,0,2.3,11,13,0,0,0,0.4,0.4,412.2,681.5,78,0,0,3,4.2,681.5,13,1,13,18,1
2025-09-04T22:50:00-04:00,2025-09-04 22:50:00,8.9,8.9,1.2,1.9,11,93,0,0,0,0.4,0.4,412.2,681.5,77,0,0,3,4.2,681.5,71,0.7,13,18,1
2025-09-04T22:45:00-04:00,2025-09-04 22:45:00,9.3,9.3,0.9,1.4,11,65,0,0,0,0.4,0.4,412.2,681.4,76,0,0,4,4.2,681.4,144,0.6,17,18,1
2025-09-04T22:40:00-04:00,2025-09-04 22:40:00,9.4,9.4,0.6,1.6,11,136,0,0,0,0.4,0.4,412.2,681.5,76,0,0,4,4.2,681.5,246,1,17,18,1
2025-09-04T22:35:00-04:00,2025-09-04 22:35:00,9.5,9.5,1,2.2,11,195,0,0,0,0.4,0.4,412.2,681.5,77,0,0,4,4.2,681.5,73,1.1,17,18,1
2025-09-04T22:30:00-04:00,2025-09-04 22:30:00,9.2,8.4,1.9,4,11,71,0,0,0,0.4,0.4,412.2,681.4,77,0,0,4,4.2,681.4,79,1,17,18,1
2025-09-04T22:25:00-04:00,2025-09-04 22:25:00,9.3,9.3,0,1.8,11,76,0,0,0,0.4,0.4,412.2,681.6,77,0,0,5,4.2,681.6,93,1.3,21,18,1
2025-09-04T22:20:00-04:00,2025-09-04 22:20:00,9.4,9.4,0.6,1.6,11,86,0,0,0,0.4,0.4,412.2,681.3,77,0,0,5,4.2,681.3,93,1.3,21,18,1
2025-09-04T22:15:00-04:00,2025-09-04 22:15:00,9.3,9.3,1,3.6,11,92,0,0,0,0.4,0.4,412.2,681.4,77,0,0,3,4.2,681.4,113,0.9,13,18,1
2025-09-04T22:10:00-04:00,2025-09-04 22:10:00,9.5,9.5,1.3,1.6,11,76,0,0,0,0.4,0.4,412.2,681.4,77,0,0,3,4.2,681.4,339,0.9,13,18,1
2025-09-04T22:05:00-04:00,2025-09-04 22:05:00,9.3,9.3,0.8,1.9,11,6,0,0,0,0.4,0.4,412.2,681.3,77,0,0,3,4.2,681.3,89,0.6,13,18,1
2025-09-04T22:00:00-04:00,2025-09-04 22:00:00,9.4,9.4,0,0.6,11,89,0,0,0,0.4,0.4,412.2,681.3,77,0,0,3,4.2,681.3,2,0.5,13,18,1
2025-09-04T21:55:00-04:00,2025-09-04 21:55:00,9.5,9.5,0.7,1.3,11,0,0,0,0,0.4,0.4,412.2,681.3,76,0,0,5,4.2,681.3,47,0.7,21,18,1
2025-09-04T21:50:00-04:00,2025-09-04 21:50:00,9.7,9.7,0.6,1.5,11,38,0,0,0,0.4,0.4,412.2,681.3,75,0,0,5,4.2,681.3,61,0.7,21,18,1
2025-09-04T21:45:00-04:00,2025-09-04 21:45:00,9.9,9.9,0,1.3,11,23,0,0,0,0.4,0.4,412.2,681.1,75,0,0,7,4.2,681.1,0,0.8,29,18,1
2025-09-04T21:40:00-04:00,2025-09-04 21:40:00,10.1,10.1,1.1,1.5,11,318,0,0,0,0.4,0.4,412.2,681.1,74,0,0,7,4.2,681.1,216,1.3,29,18,1
2025-09-04T21:35:00-04:00,2025-09-04 21:35:00,10.3,10.3,1.5,3.9,11,301,0,0,0,0.4,0.4,412.2,681,73,0,0,6,4.2,681,246,1.1,25,18,1
2025-09-04T21:30:00-04:00,2025-09-04 21:30:00,10.5,10.5,0.6,1.9,11,99,0,0,0,0.4,0.4,412.2,681,72,0,0,6,4.2,681,246,0.8,25,18,1
2025-09-04T21:25:00-04:00,2025-09-04 21:25:00,10.8,10.8,1.1,1.7,11,250,0,0,0,0.4,0.4,412.2,681,71,0,0,2,4.2,681,195,0.8,8,18,1
2025-09-04T21:20:00-04:00,2025-09-04 21:20:00,10.9,10.9,0.8,1.7,11,118,0,0,0,0.4,0.4,412.2,681,70,0,0,2,4.2,681,247,1.9,8,18,1
2025-09-04T21:15:00-04:00,2025-09-04 21:15:00,10.9,10.9,3.7,6.6,11,118,0,0,0,0.4,0.4,412.2,681,70,0,0,1,4.2,681,113,3.1,4,18,1
2025-09-04T21:10:00-04:00,2025-09-04 21:10:00,10.9,10.9,2.8,7.6,11,122,0,0,0,0.4,0.4,412.2,681,70,0,0,1,4.2,681,125,3.3,4,18,1
2025-09-04T21:05:00-04:00,2025-09-04 21:05:00,10.8,10.8,2.9,4.9,11,75,0,0,0,0.4,0.4,412.2,680.9,70,0,0,4,4.2,680.9,123,3.6,17,18,1
2025-09-04T21:00:00-04:00,2025-09-04 21:00:00,10.9,10.9,6.7,6.7,11,135,0,0,0,0.4,0.4,412.2,680.8,70,0,0,4,4.2,680.8,129,3.8,17,18,1
2025-09-04T20:55:00-04:00,2025-09-04 20:55:00,10.9,10.9,3.8,5.4,11,129,0,0,0,0.4,0.4,412.2,680.8,70,0,0,4,4.2,680.8,133,4.2,17,18,1
2025-09-04T20:50:00-04:00,2025-09-04 20:50:00,11,11,1.8,7.7,11,128,0,0,0,0.4,0.4,412.2,680.6,69,0,0,4,4.2,680.6,128,4.4,17,18,1
2025-09-04T20:45:00-04:00,2025-09-04 20:45:00,11.1,11.1,2,10,11,108,0,0,0,0.4,0.4,412.2,680.8,68,0,0,4,4.2,680.8,108,3.8,17,18,1
2025-09-04T20:40:00-04:00,2025-09-04 20:40:00,11.2,11.2,6.4,6.4,11,115,0,0,0,0.4,0.4,412.2,680.8,67,0,0,4,4.2,680.8,104,3.1,17,18,1
2025-09-04T20:35:00-04:00,2025-09-04 20:35:00,11.4,11.4,2.5,4.2,11,59,0,0,0,0.4,0.4,412.2,680.6,66,0,0,3,4.2,680.6,89,1.7,13,18,1
2025-09-04T20:30:00-04:00,2025-09-04 20:30:00,11.5,11.5,4.1,5,11,131,0,0,0,0.4,0.4,412.2,680.6,65,0,0,3,4.2,680.6,118,1,13,18,1
2025-09-04T20:25:00-04:00,2025-09-04 20:25:00,11.6,11.6,1,1.9,11,335,0,0,0,0.4,0.4,412.2,680.5,65,0,0,3,4.2,680.5,60,1,13,18,1
2025-09-04T20:20:00-04:00,2025-09-04 20:20:00,11.7,11.7,1.2,2.5,11,60,0,0,0,0.4,0.4,412.2,680.4,64,0,0,3,4.2,680.4,60,1.4,13,18,1
2025-09-04T20:15:00-04:00,2025-09-04 20:15:00,11.7,11.7,0.8,2.2,11,35,0,0,0,0.4,0.4,412.2,680.6,64,0,0,2,4.2,680.6,89,1.8,8,18,1
2025-09-04T20:10:00-04:00,2025-09-04 20:10:00,11.7,11.7,1.8,3.6,11,100,0,0,0,0.4,0.4,412.2,680.3,64,0,0,2,4.2,680.3,114,2,8,18,1
2025-09-04T20:05:00-04:00,2025-09-04 20:05:00,11.6,11.6,3,5.5,11,101,0,0,0,0.4,0.4,412.2,680.4,65,0,0,3,4.3,680.4,130,2.4,13,18,1
2025-09-04T20:00:00-04:00,2025-09-04 20:00:00,11.3,11.3,1.4,3.6,11,72,0,0,0,0.4,0.4,412.2,680.1,67,0,0,3,4.3,680.1,72,2.4,13,18,1
2025-09-04T19:55:00-04:00,2025-09-04 19:55:00,11.2,11.2,3.6,5.9,11,133,0,0,0,0.4,0.4,412.2,680.1,68,0,0,4,4.3,680.1,133,2.2,17,18,1
2025-09-04T19:50:00-04:00,2025-09-04 19:50:00,11.1,11.1,3.3,7.4,11,120,0,0,0,0.4,0.4,412.2,679.9,68,0,0,4,4.3,679.9,120,2,17,18,1
2025-09-04T19:45:00-04:00,2025-09-04 19:45:00,11.2,11.2,2.1,5.7,11,133,0,0,0,0.4,0.4,412.2,680,68,0,0,3,4.3,680,193,2,13,18,1
2025-09-04T19:40:00-04:00,2025-09-04 19:40:00,11.4,11.4,1.9,5.8,11,185,0,0,0,0.4,0.4,412.2,679.6,66,0,0,3,4.3,679.6,215,1.3,13,18,1
2025-09-04T19:35:00-04:00,2025-09-04 19:35:00,11.4,11.4,0.7,3.1,11,184,0,0,0,0.4,0.4,412.2,679.7,66,0,0,6,4.3,679.7,126,1.4,25,18,1
2025-09-04T19:30:00-04:00,2025-09-04 19:30:00,11.4,11.4,2.1,4.7,11,120,0,0,0,0.4,0.4,412.2,679.4,65,0,0,6,4.3,679.4,129,1.4,25,18,1
2025-09-04T19:25:00-04:00,2025-09-04 19:25:00,11.6,11.6,0.8,2.8,11,114,0,0,0,0.4,0.4,412.2,679.4,65,0,0,3,4.3,679.4,151,1.1,13,18,1
2025-09-04T19:20:00-04:00,2025-09-04 19:20:00,11.8,11.8,0.9,3,11,135,0,0,0,0.4,0.4,412.2,679.2,64,0,0,3,4.3,679.2,240,2.1,13,18,1
2025-09-04T19:15:00-04:00,2025-09-04 19:15:00,12,12,2.7,4.6,11,240,0,0,0,0.4,0.4,412.2,679.1,63,0,0,2,4.3,679.1,240,1,8,18,1
2025-09-04T19:10:00-04:00,2025-09-04 19:10:00,11.9,11.9,1.5,2.1,11,244,0,0,0,0.4,0.4,412.2,679,62,0,0,2,4.3,679,239,0.7,8,18,1
2025-09-04T19:05:00-04:00,2025-09-04 19:05:00,12,12,0.9,1.3,11,286,0,0,0,0.4,0.4,412.2,679,61,0,0,4,4.3,679,271,0.6,17,18,1
2025-09-04T19:00:00-04:00,2025-09-04 19:00:00,12.1,12.1,0.8,1.1,11,29,0,0,0,0.4,0.4,412.2,678.9,61,0,0,4,4.3,678.9,29,0.6,17,18,1
2025-09-04T18:55:00-04:00,2025-09-04 18:55:00,12.2,12.2,0.6,1.3,11,306,0,0,0,0.4,0.4,412.2,678.6,60,0,0,6,4.3,678.6,49,0.7,25,18,1
2025-09-04T18:50:00-04:00,2025-09-04 18:50:00,12.3,12.3,0.5,0.8,11,78,0,0,0,0.4,0.4,412.2,678.8,60,0,0,6,4.3,678.8,301,1,25,18,1
2025-09-04T18:45:00-04:00,2025-09-04 18:45:00,12.5,12.5,0.7,2.5,11,293,0,0,0,0.4,0.4,412.2,678.6,59,0,0,3,4.3,678.6,240,1.4,13,18,1
2025-09-04T18:40:00-04:00,2025-09-04 18:40:00,12.7,12.7,5.4,6.5,11,242,0,0,0,0.4,0.4,412.2,678.6,57,0,0.2,3,4.3,678.6,242,1.5,13,18,1
2025-09-04T18:35:00-04:00,2025-09-04 18:35:00,12.7,12.7,1.5,2.4,11,291,0,0,0,0.4,0.4,412.2,678.3,58,0,0.6,2,4.3,678.3,318,1.6,8,18,1
2025-09-04T18:30:00-04:00,2025-09-04 18:30:00,12.9,12.9,1.4,3.6,11,325,0,0,0,0.4,0.4,412.2,678.5,58,0,1.4,2,4.3,678.5,319,1.7,8,18,1
2025-09-04T18:25:00-04:00,2025-09-04 18:25:00,13,13,1.7,3.1,11,256,0,0,0,0.4,0.4,412.2,678.4,57,0,2.8,5,4.3,678.4,273,1.4,21,18,1
2025-09-04T18:20:00-04:00,2025-09-04 18:20:00,13.2,13.2,0.7,2,11,276,0,0,0,0.4,0.4,412.2,678.5,56,0,4.5,5,4.3,678.5,282,1,21,18,1
2025-09-04T18:15:00-04:00,2025-09-04 18:15:00,13.5,13.5,4,4,11,239,0,0,0,0.4,0.4,412.2,678.5,56,0,6.2,3,4.4,678.5,253,1.2,13,18,1
2025-09-04T18:10:00-04:00,2025-09-04 18:10:00,13.6,13.6,1.8,4.1,11,183,0,0,0,0.4,0.4,412.2,678.5,55,0,7.7,3,4.4,678.5,230,1.8,13,18,1
2025-09-04T18:05:00-04:00,2025-09-04 18:05:00,13.8,13.8,2.4,3.5,11,234,0,0,0,0.4,0.4,412.2,678,54,0,9.6,3,4.3,678,233,2.3,13,18,1
2025-09-04T18:00:00-04:00,2025-09-04 18:00:00,14,14,0.5,5.2,11,233,0,0,0,0.4,0.4,412.2,678.1,53,0,16,3,4.3,678.1,233,2.9,13,18,1
2025-09-04T17:55:00-04:00,2025-09-04 17:55:00,14.2,14.2,2,4.3,11,286,0,0,0,0.4,0.4,412.2,678.1,52,0,25.1,2,4.3,678.1,232,2.4,8,18,1
2025-09-04T17:50:00-04:00,2025-09-04 17:50:00,14.4,14.4,3.2,4,11,212,0,0,0,0.4,0.4,412.2,678,49,0,24.1,2,4.3,678,212,2.2,8,18,1
2025-09-04T17:45:00-04:00,2025-09-04 17:45:00,14.4,14.4,1.8,3.9,11,272,0,0,0,0.4,0.4,412.2,677.9,50,0,32.6,2,4.4,677.9,205,2.4,8,18,1
2025-09-04T17:40:00-04:00,2025-09-04 17:40:00,14.7,14.7,2.7,3.7,11,226,0,0,0,0.4,0.4,412.2,677.9,49,0,42.1,2,4.4,677.9,212,1.9,8,18,1
2025-09-04T17:35:00-04:00,2025-09-04 17:35:00,15.5,15.5,3.8,3.8,11,251,0,0,0,0.4,0.4,412.2,678,45,0,64.3,2,4.4,678,193,1.5,8,18,1
2025-09-04T17:30:00-04:00,2025-09-04 17:30:00,15.7,15.7,2,2.5,11,197,0,0,0,0.4,0.4,412.2,677.9,40,0,66.6,2,4.4,677.9,318,1.5,8,18,1
2025-09-04T17:25:00-04:00,2025-09-04 17:25:00,15.6,15.6,1.7,2,11,311,0,0,0,0.4,0.4,412.2,677.7,41,0,73.1,3,4.4,677.7,54,2.5,13,18,1
2025-09-04T17:20:00-04:00,2025-09-04 17:20:00,15.8,15.8,2.5,5.3,11,20,0,0,0,0.4,0.4,412.2,677.8,40,0,58.9,3,4.4,677.8,54,2.5,13,18,1
2025-09-04T17:15:00-04:00,2025-09-04 17:15:00,16.3,16.3,4.3,6.3,11,14,0,0,0,0.4,0.4,412.2,677.8,39,0,74.3,3,4.4,677.8,52,2.1,13,18,1
2025-09-04T17:10:00-04:00,2025-09-04 17:10:00,16,16,1,4.2,11,355,0,0,0,0.4,0.4,412.2,677.7,39,0,75.2,3,4.4,677.7,60,1.8,13,18,1
2025-09-04T17:05:00-04:00,2025-09-04 17:05:00,16.2,16.2,1.9,3.9,11,80,0,0,0,0.4,0.4,412.2,677.7,39,0,84.1,3,4.4,677.7,336,1.8,13,18,1
2025-09-04T17:00:00-04:00,2025-09-04 17:00:00,16.1,16.1,2.2,3.5,11,43,0,0,0,0.4,0.4,412.2,677.6,39,0,53.6,3,4.4,677.6,31,2.2,13,18,1
2025-09-04T16:55:00-04:00,2025-09-04 16:55:00,16.4,16.4,3.4,6.3,11,312,0,0,0,0.4,0.4,412.2,677.8,37,0,73.4,2,4.4,677.8,29,2.3,8,18,1
2025-09-04T16:50:00-04:00,2025-09-04 16:50:00,17.5,17.5,0.6,6.4,11,147,0,0,0,0.4,0.4,412.2,677.8,38,2,215.6,2,4.4,677.8,299,1.6,8,18,1
2025-09-04T16:45:00-04:00,2025-09-04 16:45:00,18.1,18.1,1,2.4,11,299,0,0,0,0.4,0.4,412.2,677.9,38,2,245,3,4.4,677.9,22,1.9,13,18,1
2025-09-04T16:40:00-04:00,2025-09-04 16:40:00,16.8,16.8,3.5,6.7,11,34,0,0,0,0.4,0.4,412.2,677.7,40,1,145,3,4.4,677.7,23,2.7,13,18,1
2025-09-04T16:35:00-04:00,2025-09-04 16:35:00,16.5,16.5,2.3,7.1,11,340,0,0,0,0.4,0.4,412.2,677.8,39,2,311.8,3,4.4,677.8,344,2.5,13,18,1
2025-09-04T16:30:00-04:00,2025-09-04 16:30:00,15.7,15.7,1.2,10.1,11,49,0,0,0,0.4,0.4,412.2,678,41,3,352.6,3,4.4,678,352,2.5,13,18,1
2025-09-04T16:25:00-04:00,2025-09-04 16:25:00,15.9,15.9,1.5,5.7,11,334,0,0,0,0.4,0.4,412.2,678,42,1,206,2,4.4,678,67,3,8,18,1
2025-09-04T16:20:00-04:00,2025-09-04 16:20:00,15.2,15.2,3,8,11,35,0,0,0,0.4,0.4,412.2,678.1,42,4,445.8,2,4.4,678.1,67,2.7,8,18,1
2025-09-04T16:15:00-04:00,2025-09-04 16:15:00,15.1,15.1,1.3,5.3,11,249,0,0,0,0.4,0.4,412.2,678,44,1,129.4,2,4.4,678,65,3.6,8,18,1
2025-09-04T16:10:00-04:00,2025-09-04 16:10:00,14.9,14.9,5.3,7.5,11,52,0,0,0,0.4,0.4,412.2,678.1,43,1,146.9,2,4.4,678.1,63,4,8,18,1
2025-09-04T16:05:00-04:00,2025-09-04 16:05:00,15.1,15.1,4.9,11,11,18,0,0,0,0.4,0.4,412.2,678.1,42,1,156.9,1,4.4,678.1,18,2.7,4,18,1
2025-09-04T16:00:00-04:00,2025-09-04 16:00:00,15.5,15.5,1.8,7.9,9.3,6,0,0,0,0.4,0.4,412.2,678.2,42,1,168.4,1,4.4,678.2,335,2.7,4,18,1
2025-09-04T15:55:00-04:00,2025-09-04 15:55:00,15.2,15.2,1.7,8.4,9.3,346,0,0,0,0.4,0.4,412.2,678.1,42,1,210.7,1,4.4,678.1,336,3.7,4,18,1
2025-09-04T15:50:00-04:00,2025-09-04 15:50:00,15.2,15.2,4,8.3,9.3,297,0,0,0,0.4,0.4,412.2,677.9,42,1,186.9,1,4.4,677.9,297,2.2,4,18,1
2025-09-04T15:45:00-04:00,2025-09-04 15:45:00,15.5,15.5,0.9,4.2,9.3,64,0,0,0,0.4,0.4,412.2,678.1,47,1,172.6,1,4.4,678.1,25,2.2,4,18,1
2025-09-04T15:40:00-04:00,2025-09-04 15:40:00,16.2,16.2,3.4,7.1,9.3,19,0,0,0,0.4,0.4,412.2,678.2,45,2,232.5,1,4.4,678.2,62,3.3,4,18,1
2025-09-04T15:35:00-04:00,2025-09-04 15:35:00,15.1,15.1,3.9,7.7,9.3,56,0,0,0,0.4,0.4,412.2,678.2,44,4,506.3,1,4.4,678.2,41,1.8,4,18,1
2025-09-04T15:30:00-04:00,2025-09-04 15:30:00,16,16,1.1,1.9,9.3,264,0,0,0,0.4,0.4,412.2,678.2,48,1,108.6,1,4.4,678.2,83,1.5,4,18,1
2025-09-04T15:25:00-04:00,2025-09-04 15:25:00,15.6,15.6,0.9,2.1,9.3,181,0,0,0,0.4,0.4,412.2,678.3,48,3,403.6,2,4.5,678.3,91,2.2,8,19,1
2025-09-04T15:20:00-04:00,2025-09-04 15:20:00,15.7,15.7,2.8,6.7,9.3,65,0,0,0,0.4,0.4,412.2,678.4,50,0,107.3,2,4.5,678.4,298,2.6,8,19,1
2025-09-04T15:15:00-04:00,2025-09-04 15:15:00,15.4,15.4,1.6,4.9,9.3,12,0,0,0,0.4,0.4,412.2,678.5,48,4,535,1,4.5,678.5,295,2.5,4,19,1
2025-09-04T15:10:00-04:00,2025-09-04 15:10:00,14.8,14.8,1.5,2.8,9.3,299,0,0,0,0.4,0.4,412.2,678.5,51,1,143,1,4.5,678.5,261,2.3,4,19,1
2025-09-04T15:05:00-04:00,2025-09-04 15:05:00,15,15,4,4.1,9.3,261,0,0,0,0.4,0.4,412.2,678.6,48,2,286.7,1,4.5,678.6,234,1.2,4,19,1
2025-09-04T15:00:00-04:00,2025-09-04 15:00:00,15,15,0.8,1.8,9.3,131,0,0,0,0.4,0.4,412.2,679,51,4,530.9,1,4.5,679,107,1.2,4,19,1
2025-09-04T14:55:00-04:00,2025-09-04 14:55:00,13.6,13.6,0.9,3.5,9.3,324,0,0,0,0.4,0.4,412.2,678.9,53,8,792.5,3,4.5,678.9,75,1.7,13,19,1
2025-09-04T14:50:00-04:00,2025-09-04 14:50:00,13.2,13.2,1.1,3.1,9.3,22,0,0,0,0.4,0.4,412.2,679.2,60,2,315.9,3,4.5,679.2,82,3.3,13,19,1
2025-09-04T14:45:00-04:00,2025-09-04 14:45:00,12.2,12.2,3.7,5.3,9.3,43,0,0,0,0.4,0.4,412.2,679.1,62,2,287.9,3,4.5,679.1,17,3.9,13,19,1
2025-09-04T14:40:00-04:00,2025-09-04 14:40:00,12.8,12.8,4.9,8.2,9.3,2,0,0,0,0.4,0.4,412.2,679.2,62,2,260.5,3,4.5,679.2,355,1.4,13,19,1
2025-09-04T14:35:00-04:00,2025-09-04 14:35:00,15.1,15.1,0.9,2.1,9.3,0,0,0,0,0.4,0.4,412.2,679.1,53,1,202.5,3,4.5,679.1,0,1.3,13,19,1
2025-09-04T14:30:00-04:00,2025-09-04 14:30:00,14.8,14.8,1.2,5,9.3,109,0,0,0,0.4,0.4,412.2,678.9,48,0,92.4,3,4.5,678.9,58,1.6,13,19,1
2025-09-04T14:25:00-04:00,2025-09-04 14:25:00,15.5,15.5,1.9,3.2,9.3,44,0,0,0,0.4,0.4,412.2,679,47,1,123.8,5,4.6,679,63,1.6,21,19,1
2025-09-04T14:20:00-04:00,2025-09-04 14:20:00,15.4,15.4,1,2.8,9.3,70,0,0,0,0.4,0.4,412.2,679,48,1,172.3,5,4.6,679,128,2,21,19,1
2025-09-04T14:15:00-04:00,2025-09-04 14:15:00,16,16,2.5,3.7,9.3,151,0,0,0,0.4,0.4,412.2,679.1,47,4,480.8,4,4.6,679.1,96,1.5,17,19,1
2025-09-04T14:10:00-04:00,2025-09-04 14:10:00,15.7,15.7,2.3,3.1,9.3,134,0,0,0,0.4,0.4,412.2,679.3,48,3,341.8,4,4.6,679.3,230,1.3,17,19,1
2025-09-04T14:05:00-04:00,2025-09-04 14:05:00,16.1,16.1,1.1,4,9.3,22,0,0,0,0.4,0.4,412.2,679.4,47,1,199.7,5,4.6,679.4,350,1.6,21,19,1
2025-09-04T14:00:00-04:00,2025-09-04 14:00:00,16.4,16.4,1.2,2.6,9.3,81,0,0,0,0.4,0.4,412.2,679.4,48,5,622.7,5,4.6,679.4,287,2.6,21,19,1
2025-09-04T13:55:00-04:00,2025-09-04 13:55:00,15.1,15.1,2.8,3.6,9.3,11,0,0,0,0.4,0.4,412.2,679.7,50,9,864.6,3,4.5,679.7,287,2.4,13,19,1
2025-09-04T13:50:00-04:00,2025-09-04 13:50:00,15.6,15.6,1.2,4.9,9.3,359,0,0,0,0.4,0.4,412.2,679.4,50,8,823,3,4.5,679.4,333,1.6,13,19,1
2025-09-04T13:45:00-04:00,2025-09-04 13:45:00,15.7,15.7,1.9,3.3,9.3,326,0,0,0,0.4,0.4,412.2,679.6,51,8,841,7,4.5,679.6,326,1.9,29,18,1
2025-09-04T13:40:00-04:00,2025-09-04 13:40:00,14.5,14.5,2,4.3,9.3,238,0,0,0,0.4,0.4,412.2,679.8,54,8,781,7,4.5,679.8,294,2.3,29,18,1
2025-09-04T13:35:00-04:00,2025-09-04 13:35:00,14.9,14.9,2.7,4.8,9.3,292,0,0,0,0.4,0.4,412.2,679.8,52,5,543.5,7,4.5,679.8,259,2.1,29,18,1
2025-09-04T13:30:00-04:00,2025-09-04 13:30:00,14.1,14.1,0.9,5.6,9.3,245,0,0,0,0.4,0.4,412.2,679.9,56,8,813.3,7,4.5,679.9,253,2,29,18,1
2025-09-04T13:25:00-04:00,2025-09-04 13:25:00,14,14,1.6,5.6,9.3,165,0,0,0,0.4,0.4,412.2,680.1,54,2,284.5,7,4.5,680.1,252,2,29,18,1
2025-09-04T13:20:00-04:00,2025-09-04 13:20:00,13.9,13.9,4,6.5,9.3,248,0,0,0,0.4,0.4,412.2,680.2,54,2,278,7,4.5,680.2,244,3,29,18,1
2025-09-04T13:15:00-04:00,2025-09-04 13:15:00,13.4,13.4,1.8,8.1,9.3,265,0,0,0,0.4,0.4,412.2,680.2,55,2,316.9,7,4.5,680.2,244,4.4,29,18,1
2025-09-04T13:10:00-04:00,2025-09-04 13:10:00,13.6,13.6,5.1,7.3,9.3,211,0,0,0,0.4,0.4,412.2,680.4,54,3,420.4,7,4.5,680.4,228,4.3,29,18,1
2025-09-04T13:05:00-04:00,2025-09-04 13:05:00,14.2,14.2,3,8.4,8.4,236,0,0,0,0.4,0.4,412.2,680.5,54,2,271.2,7,4.4,680.5,172,3.8,29,18,1
2025-09-04T13:00:00-04:00,2025-09-04 13:00:00,14.3,14.3,5.1,5.4,6.8,157,0,0,0,0.4,0.4,412.2,680.3,53,8,806.6,7,4.4,680.3,178,2.2,29,18,1
2025-09-04T12:55:00-04:00,2025-09-04 12:55:00,15.1,15.1,3.8,6.6,6.8,186,0,0,0,0.4,0.4,412.2,680.7,51,4,518.4,6,4.4,680.7,147,1.4,25,18,1
2025-09-04T12:50:00-04:00,2025-09-04 12:50:00,15.5,15.5,0.9,2.6,6.8,346,0,0,0,0.4,0.4,412.2,680.5,50,5,541,6,4.4,680.5,206,1.4,25,18,1
2025-09-04T12:45:00-04:00,2025-09-04 12:45:00,15,15,1.9,3.1,6.8,207,0,0,0,0.4,0.4,412.2,680.5,51,5,628.7,4,4.4,680.5,149,1.7,17,18,1
2025-09-04T12:40:00-04:00,2025-09-04 12:40:00,14.6,14.6,1.7,3.5,6.8,222,0,0,0,0.4,0.4,412.2,680.8,51,3,411.4,4,4.4,680.8,142,1.7,17,18,1
2025-09-04T12:35:00-04:00,2025-09-04 12:35:00,14.2,14.2,2.6,4.9,6.8,159,0,0,0,0.4,0.4,412.2,680.8,53,5,579.9,2,4.4,680.8,230,2.1,8,18,1
2025-09-04T12:30:00-04:00,2025-09-04 12:30:00,13.8,13.8,3.3,6.8,6.8,185,0,0,0,0.4,0.4,412.2,681.1,53,6,648.4,2,4.4,681.1,284,2.1,8,18,1
2025-09-04T12:25:00-04:00,2025-09-04 12:25:00,13.5,13.5,1.3,4.3,6.8,248,0,0,0,0.4,0.4,412.2,681,56,9,948.3,2,4.4,681,197,1.6,8,18,1
2025-09-04T12:20:00-04:00,2025-09-04 12:20:00,13.3,13.3,1.6,4,6.8,288,0,0,0,0.4,0.4,412.2,681.1,57,10,985.6,2,4.4,681.1,255,1.8,8,18,1
2025-09-04T12:15:00-04:00,2025-09-04 12:15:00,13.3,13.3,1.8,4.7,6.8,182,0,0,0,0.4,0.4,412.2,681.4,55,10,977.7,5,4.5,681.4,250,1.8,21,19,1
2025-09-04T12:10:00-04:00,2025-09-04 12:10:00,12.9,12.9,2.6,4,6.8,267,0,0,0,0.4,0.4,412.2,681.4,58,9,910.5,5,4.5,681.4,233,1.8,21,19,1
2025-09-04T12:05:00-04:00,2025-09-04 12:05:00,12.8,12.8,1.9,3.4,6.8,230,0,0,0,0.4,0.4,412.2,681.5,59,10,971.1,5,4.5,681.5,190,1.9,21,19,1
2025-09-04T12:00:00-04:00,2025-09-04 12:00:00,12.3,12.3,2,3.7,6.8,186,0,0,0,0.4,0.4,412.2,681.7,58,9,923.9,5,4.5,681.7,189,2.2,21,19,1
2025-09-04T11:55:00-04:00,2025-09-04 11:55:00,12.4,12.4,3.2,5.1,6.8,189,0,0,0,0.4,0.4,412.2,681.8,59,9,947.4,6,4.5,681.8,197,2.3,25,19,1
2025-09-04T11:50:00-04:00,2025-09-04 11:50:00,11.9,11.9,1.9,4.6,6.8,298,0,0,0,0.4,0.4,412.2,681.8,64,9,917,6,4.5,681.8,204,2.3,25,19,1
2025-09-04T11:45:00-04:00,2025-09-04 11:45:00,11.6,11.6,3.3,4.5,6.8,236,0,0,0,0.4,0.4,412.2,682.2,65,3,391.6,5,4.5,682.2,246,2.6,21,19,1
2025-09-04T11:40:00-04:00,2025-09-04 11:40:00,12.2,12.2,2.8,4.9,6.8,271,0,0,0,0.4,0.4,412.2,681.9,64,3,379.5,5,4.5,681.9,246,2.1,21,19,1
2025-09-04T11:35:00-04:00,2025-09-04 11:35:00,11.8,11.8,2.3,5.1,6.8,256,0,0,0,0.4,0.4,412.2,682.1,61,3,375.7,5,4.6,682.1,248,2.3,21,19,1
2025-09-04T11:30:00-04:00,2025-09-04 11:30:00,11.6,11.6,2.4,4.7,6.8,226,0,0,0,0.4,0.4,412.2,682.2,62,2,321.3,5,4.6,682.2,245,2.4,21,19,1
2025-09-04T11:25:00-04:00,2025-09-04 11:25:00,11.5,11.5,2.4,3.2,6.8,277,0,0,0,0.4,0.4,412.2,681.9,72,2,307.3,5,4.6,681.9,250,2.2,21,19,1
2025-09-04T11:20:00-04:00,2025-09-04 11:20:00,11.3,11.3,1.6,3.8,6.8,284,0,0,0,0.4,0.4,412.2,682.2,73,2,292.1,5,4.6,682.2,200,1.7,21,19,1
2025-09-04T11:15:00-04:00,2025-09-04 11:15:00,11.5,11.5,0.8,2.7,6.8,236,0,0,0,0.4,0.4,412.2,682,73,2,233.2,5,4.6,682,267,2,21,19,1
2025-09-04T11:10:00-04:00,2025-09-04 11:10:00,11.4,11.4,2,3.1,6.8,274,0,0,0,0.4,0.4,412.2,682.1,69,1,171,5,4.6,682.1,274,2.7,21,19,1
2025-09-04T11:05:00-04:00,2025-09-04 11:05:00,11.5,11.5,2.2,4.5,6.8,289,0,0,0,0.4,0.4,412.2,682.2,68,0,80.3,8,4.6,682.2,282,2.7,33,19,1
2025-09-04T11:00:00-04:00,2025-09-04 11:00:00,11.7,11.7,1.3,3.8,6.8,304,0,0,0,0.4,0.4,412.2,682.2,66,0,56.8,8,4.6,682.2,303,1.2,33,19,1
2025-09-04T10:55:00-04:00,2025-09-04 10:55:00,11.9,11.9,0.8,1.9,6.8,283,0,0,0,0.4,0.4,412.2,682.2,66,0,64.6,8,4.6,682.2,303,1,33,19,1
2025-09-04T10:50:00-04:00,2025-09-04 10:50:00,11.8,11.8,0.9,2,6.8,57,0,0,0,0.4,0.4,412.2,682,67,1,123.9,8,4.6,682,109,1.4,33,19,1
2025-09-04T10:45:00-04:00,2025-09-04 10:45:00,12.3,12.3,1.4,2,6.8,290,0,0,0,0.4,0.4,412.2,682.1,66,1,174,4,4.6,682.1,109,1.2,17,19,1
2025-09-04T10:40:00-04:00,2025-09-04 10:40:00,11.9,11.9,0,2.3,6.8,195,0,0,0,0.4,0.4,412.2,682.4,67,2,256.9,4,4.6,682.4,195,2.1,17,19,1
2025-09-04T10:35:00-04:00,2025-09-04 10:35:00,11.8,11.8,2.1,4.8,6.8,172,0,0,0,0.4,0.4,412.2,682.2,68,2,286.5,4,4.6,682.2,254,3.3,17,20,1
2025-09-04T10:30:00-04:00,2025-09-04 10:30:00,11.6,11.6,3.6,6.8,6.8,260,0,0,0,0.4,0.4,412.2,682.4,68,2,279.4,4,4.6,682.4,277,3.2,17,20,1
2025-09-04T10:25:00-04:00,2025-09-04 10:25:00,11.6,11.6,4.9,5.3,6.3,289,0,0,0,0.4,0.4,412.2,682.3,68,2,297.6,4,4.7,682.3,315,2.4,17,20,1
2025-09-04T10:20:00-04:00,2025-09-04 10:20:00,11.8,11.8,1.6,5.7,6.3,230,0,0,0,0.4,0.4,412.2,682.4,68,3,360.2,4,4.7,682.4,330,2.2,17,20,1
2025-09-04T10:15:00-04:00,2025-09-04 10:15:00,11.3,11.3,1,3.9,6.3,3,0,0,0,0.4,0.4,412.2,682.4,68,2,304.3,6,4.7,682.4,297,2.5,25,20,1
2025-09-04T10:10:00-04:00,2025-09-04 10:10:00,11.3,11.3,1.7,3.2,5.5,193,0,0,0,0.4,0.4,412.2,682.3,68,2,303.7,6,4.7,682.3,253,2.2,25,20,1
2025-09-04T10:05:00-04:00,2025-09-04 10:05:00,11.6,11.6,2,3.9,5.5,281,0,0,0,0.4,0.4,412.2,682.2,67,2,315.1,5,4.8,682.2,281,2.1,21,20,1
2025-09-04T10:00:00-04:00,2025-09-04 10:00:00,12,12,1,3.9,5.5,5,0,0,0,0.4,0.4,412.2,682.6,65,2,273.9,5,4.8,682.6,199,2,21,20,1
2025-09-04T09:55:00-04:00,2025-09-04 09:55:00,11.8,11.8,1.4,5.5,5.5,232,0,0,0,0.4,0.4,412.2,682.2,64,6,694,9,4.8,682.2,317,1.8,38,20,1
2025-09-04T09:50:00-04:00,2025-09-04 09:50:00,11.5,11.5,0,2.3,3.8,277,0,0,0,0.4,0.4,412.2,682.5,66,5,606.4,9,4.8,682.5,320,1.3,38,20,1
2025-09-04T09:45:00-04:00,2025-09-04 09:45:00,12,12,2.3,2.3,3.8,337,0,0,0,0.4,0.4,412.2,682.1,63,5,612,8,4.8,682.1,337,0.9,33,20,1
2025-09-04T09:40:00-04:00,2025-09-04 09:40:00,12.3,12.3,0.7,2,3.8,121,0,0,0,0.4,0.4,412.2,682.3,63,6,687,8,4.8,682.3,155,1,33,20,1
2025-09-04T09:35:00-04:00,2025-09-04 09:35:00,12.2,12.2,0.5,2.4,3.8,316,0,0,0,0.4,0.4,412.2,682.4,66,6,658.4,6,4.8,682.4,196,1.1,25,20,1
2025-09-04T09:30:00-04:00,2025-09-04 09:30:00,11.4,11.4,1.6,2.1,3.8,189,0,0,0,0.4,0.4,412.2,682.6,68,6,646.3,6,4.8,682.6,245,1.2,25,20,1
2025-09-04T09:25:00-04:00,2025-09-04 09:25:00,10.7,10.7,1,2.6,3.8,220,0,0,0,0.4,0.4,412.2,682.5,70,5,632.4,5,4.9,682.5,254,1.2,21,20,1
2025-09-04T09:20:00-04:00,2025-09-04 09:20:00,11.4,11.4,0.8,1.5,3.8,229,0,0,0,0.4,0.4,412.2,682.5,68,6,660.3,5,4.9,682.5,89,0.8,21,20,1
2025-09-04T09:15:00-04:00,2025-09-04 09:15:00,11.5,11.5,1.7,2.2,3.8,244,0,0,0,0.4,0.4,412.2,682.4,70,3,400.1,4,4.9,682.4,93,0.6,17,20,1
2025-09-04T09:10:00-04:00,2025-09-04 09:10:00,10.5,10.5,0.6,0.7,3.8,80,0,0,0,0.4,0.4,412.2,682.4,74,2,297.7,4,4.9,682.4,102,0.6,17,20,1
2025-09-04T09:05:00-04:00,2025-09-04 09:05:00,10.2,10.2,0,2,3.8,302,0,0,0,0.4,0.4,412.2,682.5,74,1,209.8,4,4.9,682.5,55,0,17,20,1
2025-09-04T09:00:00-04:00,2025-09-04 09:00:00,9.9,9.9,0,2,3.8,62,0,0,0,0.4,0.4,412.2,682.3,76,1,193.8,4,4.9,682.3,89,0,17,20,1
2025-09-04T08:55:00-04:00,2025-09-04 08:55:00,9.7,9.7,0,1.2,3.8,289,0,0,0,0.4,0.4,412.2,682.3,75,1,161.1,6,5,682.3,12,0.8,25,21,1
2025-09-04T08:50:00-04:00,2025-09-04 08:50:00,9.6,9.6,1.2,1.8,3.8,27,0,0,0,0.4,0.4,412.2,682.4,76,1,153.7,6,5,682.4,27,0.6,25,21,1
2025-09-04T08:45:00-04:00,2025-09-04 08:45:00,9.4,9.4,1.3,2,3.8,27,0,0,0,0.4,0.4,412.2,682.2,76,1,128,11,5,682.2,232,0.5,46,21,1
2025-09-04T08:40:00-04:00,2025-09-04 08:40:00,9.2,9.2,0,0.9,3.8,229,0,0,0,0.4,0.4,412.2,682.3,77,1,112.2,11,5,682.3,232,0.5,46,21,1
2025-09-04T08:35:00-04:00,2025-09-04 08:35:00,9.2,9.2,0.7,1,3.8,50,0,0,0,0.4,0.4,412.2,682.3,77,0,107.3,5,5,682.3,347,0,21,21,1
2025-09-04T08:30:00-04:00,2025-09-04 08:30:00,8.9,8.9,0,0.6,3.8,240,0,0,0,0.4,0.4,412.2,682.4,78,0,98.7,5,5,682.4,284,0,21,21,1
2025-09-04T08:25:00-04:00,2025-09-04 08:25:00,8.7,8.7,0,0.7,3.8,9,0,0,0,0.4,0.4,412.2,682.2,79,0,95.2,5,5,682.2,32,0,21,21,1
2025-09-04T08:20:00-04:00,2025-09-04 08:20:00,8.6,8.6,0,1.2,3.8,224,0,0,0,0.4,0.4,412.2,682.2,79,0,92.4,5,5,682.2,32,0,21,21,1
2025-09-04T08:15:00-04:00,2025-09-04 08:15:00,8.6,8.6,0,0.6,3.8,32,0,0,0,0.4,0.4,412.2,682,79,0,89.1,5,5.1,682,250,0.5,21,21,1
2025-09-04T08:10:00-04:00,2025-09-04 08:10:00,8.5,8.5,0.6,1,3.8,251,0,0,0,0.4,0.4,412.2,682.1,79,0,78.8,5,5.1,682.1,260,0.6,21,21,1
2025-09-04T08:05:00-04:00,2025-09-04 08:05:00,8.6,8.6,0.6,1,3.8,268,0,0,0,0.4,0.4,412.2,682.1,79,0,61.6,5,5.1,682.1,268,0.6,21,21,1
2025-09-04T08:00:00-04:00,2025-09-04 08:00:00,8.9,8.9,0.7,1,3.8,311,0,0,0,0.4,0.4,412.2,682.2,79,0,74,5,5.1,682.2,79,0.7,21,21,1
2025-09-04T07:55:00-04:00,2025-09-04 07:55:00,8.7,8.7,0.8,1.5,3.8,88,0,0,0,0.4,0.4,412.2,682.1,80,0,89.7,5,5.1,682.1,66,0.7,21,21,1
2025-09-04T07:50:00-04:00,2025-09-04 07:50:00,8.7,8.7,0,1.4,3.8,67,0,0,0,0.4,0.4,412.2,682.1,81,1,127.9,5,5.1,682.1,10,0.6,21,21,1
2025-09-04T07:45:00-04:00,2025-09-04 07:45:00,8.2,8.2,0.6,1.5,3.8,42,0,0,0,0.4,0.4,412.2,682.1,82,1,124.3,9,5.2,682.1,42,0.6,38,22,1
2025-09-04T07:40:00-04:00,2025-09-04 07:40:00,8.2,8.2,0,1.5,3.8,290,0,0,0,0.4,0.4,412.2,682,82,1,119.9,9,5.2,682,269,0.5,38,22,1
2025-09-04T07:35:00-04:00,2025-09-04 07:35:00,8.1,8.1,0,1,3.8,269,0,0,0,0.4,0.4,412.2,681.8,82,0,86,5,5.2,681.8,269,0,21,22,1
2025-09-04T07:30:00-04:00,2025-09-04 07:30:00,8.1,8.1,0.9,1.3,3.8,291,0,0,0,0.4,0.4,412.2,681.7,82,0,86.5,5,5.2,681.7,291,0,21,22,1
2025-09-04T07:25:00-04:00,2025-09-04 07:25:00,7.9,7.9,0.6,1,3.8,285,0,0,0,0.4,0.4,412.2,681.8,82,0,81.5,5,5.3,681.8,264,0.8,21,22,1
2025-09-04T07:20:00-04:00,2025-09-04 07:20:00,7.8,7.8,0.9,1.4,3.8,263,0,0,0,0.4,0.4,412.2,681.6,82,0,59.6,5,5.3,681.6,264,0.7,21,22,1
2025-09-04T07:15:00-04:00,2025-09-04 07:15:00,7.8,7.8,0,0.9,3.8,269,0,0,0,0.4,0.4,412.2,681.6,83,0,61.4,8,5.3,681.6,23,0.6,33,22,1
2025-09-04T07:10:00-04:00,2025-09-04 07:10:00,7.7,7.7,0.7,1.1,3.8,32,0,0,0,0.4,0.4,412.2,681.5,83,0,31.2,8,5.3,681.5,23,0.6,33,22,1
2025-09-04T07:05:00-04:00,2025-09-04 07:05:00,7.7,7.7,0.7,1.5,3.8,327,0,0,0,0.4,0.4,412.2,681.6,82,0,23.3,8,5.4,681.6,276,0.7,33,23,1
2025-09-04T07:00:00-04:00,2025-09-04 07:00:00,7.7,7.7,0.8,1.3,3.8,341,0,0,0,0.4,0.4,412.2,681.6,82,0,13.9,8,5.4,681.6,300,0.9,33,23,1
2025-09-04T06:55:00-04:00,2025-09-04 06:55:00,7.7,7.7,1.1,2.6,3.8,327,0,0,0,0.4,0.4,412.2,681.3,82,0,9.6,8,5.4,681.3,331,0.8,33,23,1
2025-09-04T06:50:00-04:00,2025-09-04 06:50:00,7.7,7.7,0,1.3,3.8,284,0,0,0,0.4,0.4,412.2,681.5,82,0,6.1,8,5.4,681.5,345,0.6,33,23,1
2025-09-04T06:45:00-04:00,2025-09-04 06:45:00,7.7,7.7,1.2,1.9,3.8,343,0,0,0,0.4,0.4,412.2,681.2,82,0,3.1,8,5.5,681.2,343,0.9,33,23,1
2025-09-04T06:40:00-04:00,2025-09-04 06:40:00,7.7,7.7,1.1,1.8,3.8,355,0,0,0,0.4,0.4,412.2,681.2,82,0,2.1,8,5.5,681.2,16,0.9,33,23,1
2025-09-04T06:35:00-04:00,2025-09-04 06:35:00,7.7,7.7,1,1.9,3.8,305,0,0,0,0.4,0.4,412.2,681.1,82,0,1.4,6,5.5,681.1,30,0.8,25,23,1
2025-09-04T06:30:00-04:00,2025-09-04 06:30:00,7.7,7.7,0.6,1.3,3.8,37,0,0,0,0.4,0.4,412.2,681.3,82,0,0.6,6,5.5,681.3,37,0.8,25,23,1
2025-09-04T06:25:00-04:00,2025-09-04 06:25:00,7.7,7.7,0,1.6,3.8,293,0,0,0,0.4,0.4,412.2,681.1,83,0,0.2,6,5.5,681.1,39,0.9,25,23,1
2025-09-04T06:20:00-04:00,2025-09-04 06:20:00,7.7,7.7,1.3,2,3.8,58,0,0,0,0.4,0.4,412.2,681.2,83,0,0,6,5.5,681.2,41,0.9,25,23,1
2025-09-04T06:15:00-04:00,2025-09-04 06:15:00,7.7,7.7,1.3,1.7,3.8,46,0,0,0,0.4,0.4,412.2,681.1,83,0,0,6,5.6,681.1,46,0.9,25,23,1
2025-09-04T06:10:00-04:00,2025-09-04 06:10:00,7.7,7.7,0.9,1.7,3.8,79,0,0,0,0.4,0.4,412.2,681.2,83,0,0,6,5.6,681.2,40,0.8,25,23,1
2025-09-04T06:05:00-04:00,2025-09-04 06:05:00,7.6,7.6,1,1.5,3.8,78,0,0,0,0.4,0.4,412.2,681,83,0,0,6,5.6,681,81,0,25,23,1
2025-09-04T06:00:00-04:00,2025-09-04 06:00:00,7.6,7.6,0,0.7,3.8,39,0,0,0,0.4,0.4,412.2,681.2,82,0,0,6,5.6,681.2,185,0,25,23,1
2025-09-04T05:55:00-04:00,2025-09-04 05:55:00,7.7,7.7,0,1,3.8,34,0,0,0,0.4,0.4,412.2,681,82,0,0,6,5.7,681,319,0,25,24,1
2025-09-04T05:50:00-04:00,2025-09-04 05:50:00,7.7,7.7,0,0.8,3.8,293,0,0,0,0.4,0.4,412.2,681,82,0,0,6,5.7,681,279,0.9,25,24,1
2025-09-04T05:45:00-04:00,2025-09-04 05:45:00,7.7,7,1.5,1.8,3.8,287,0,0,0,0.4,0.4,412.2,680.7,82,0,0,4,5.7,680.7,279,0.8,17,24,1
2025-09-04T05:40:00-04:00,2025-09-04 05:40:00,7.8,7.8,0.8,1.2,3.8,272,0,0,0,0.4,0.4,412.2,680.9,81,0,0,4,5.7,680.9,326,0.8,17,24,1
2025-09-04T05:35:00-04:00,2025-09-04 05:35:00,7.9,7.9,0,1.7,3.8,20,0,0,0,0.4,0.4,412.2,680.8,81,0,0,4,5.7,680.8,320,0.9,17,24,1
2025-09-04T05:30:00-04:00,2025-09-04 05:30:00,7.9,7.9,0,1.8,3.8,9,0,0,0,0.4,0.4,412.2,680.7,80,0,0,4,5.7,680.7,329,1.1,17,24,1
2025-09-04T05:25:00-04:00,2025-09-04 05:25:00,8.1,8.1,1,2.8,3.8,345,0,0,0,0.4,0.4,412.2,680.8,80,0,0,4,5.7,680.8,323,0.7,17,24,1
2025-09-04T05:20:00-04:00,2025-09-04 05:20:00,8.1,8.1,0.7,1.6,3.8,323,0,0,0,0.4,0.4,412.2,680.7,79,0,0,4,5.7,680.7,264,0.7,17,24,1
2025-09-04T05:15:00-04:00,2025-09-04 05:15:00,8.1,7.6,1.4,2.9,3.8,297,0,0,0,0.4,0.4,412.2,680.7,79,0,0,4,5.8,680.7,297,0.9,17,24,1
2025-09-04T05:10:00-04:00,2025-09-04 05:10:00,8.1,8.1,0,1.8,3.8,23,0,0,0,0.4,0.4,412.2,680.5,79,0,0,4,5.8,680.5,313,0.8,17,24,1
2025-09-04T05:05:00-04:00,2025-09-04 05:05:00,8.1,8.1,1.2,1.5,3.8,305,0,0,0,0.4,0.4,412.2,680.6,79,0,0,4,5.8,680.6,334,0.7,17,24,1
2025-09-04T05:00:00-04:00,2025-09-04 05:00:00,8.2,8.2,0.7,1.1,3.8,327,0,0,0,0.4,0.4,412.2,680.5,79,0,0,4,5.8,680.5,327,0.6,17,24,1
2025-09-04T04:55:00-04:00,2025-09-04 04:55:00,8.2,8.2,0.6,1.3,3.8,1,0,0,0,0.4,0.4,412.2,680.6,79,0,0,5,5.9,680.6,1,0.8,21,25,1
2025-09-04T04:50:00-04:00,2025-09-04 04:50:00,8.3,8.3,0,1.5,3.8,331,0,0,0,0.4,0.4,412.2,680.5,79,0,0,5,5.9,680.5,11,0.8,21,25,1
2025-09-04T04:45:00-04:00,2025-09-04 04:45:00,8.4,8.4,0.6,1.9,3.8,19,0,0,0,0.4,0.4,412.2,680.5,78,0,0,5,5.9,680.5,19,0.8,21,25,1
2025-09-04T04:40:00-04:00,2025-09-04 04:40:00,8.5,8.5,0,1.9,3.8,51,0,0,0,0.4,0.4,412.2,680.5,78,0,0,5,5.9,680.5,351,0.8,21,25,1
2025-09-04T04:35:00-04:00,2025-09-04 04:35:00,8.6,8.6,0.6,1.2,3.8,109,0,0,0,0.4,0.4,412.2,680.5,78,0,0,,,680.5,8,0.8,17,26,1
2025-09-04T04:30:00-04:00,2025-09-04 04:30:00,8.6,8,1.5,1.9,3.8,38,0,0,0,0.4,0.4,412.2,680.5,77,0,0,,,680.5,352,0.6,17,26,1
2025-09-04T04:25:00-04:00,2025-09-04 04:25:00,8.6,8.6,0.5,0.9,3.8,344,0,0,0,0.4,0.4,412.2,680.4,77,0,0,,,680.4,17,0,17,26,1
2025-09-04T04:20:00-04:00,2025-09-04 04:20:00,8.7,8.7,0.6,0.9,3.8,342,0,0,0,0.4,0.4,412.2,680.6,77,0,0,,,680.6,23,0.6,17,26,1
2025-09-04T04:15:00-04:00,2025-09-04 04:15:00,8.7,8.7,0,1.1,3.8,269,0,0,0,0.4,0.4,412.2,680.5,76,0,0,4,6,680.5,2,0.8,17,26,1
2025-09-04T04:10:00-04:00,2025-09-04 04:10:00,8.8,8.8,0.8,1.2,3.8,18,0,0,0,0.4,0.4,412.2,680.6,76,0,0,4,6,680.6,9,0.7,17,26,1
2025-09-04T04:05:00-04:00,2025-09-04 04:05:00,8.8,8.8,1.2,1.5,3.8,326,0,0,0,0.4,0.4,412.2,680.5,75,0,0,4,6,680.5,6,0.7,17,26,1
2025-09-04T04:00:00-04:00,2025-09-04 04:00:00,8.8,8.8,1,1.2,3.8,353,0,0,0,0.4,0.4,412.2,680.5,75,0,0,4,6,680.5,333,0.8,17,26,1
2025-09-04T03:55:00-04:00,2025-09-04 03:55:00,8.8,8.8,0,1.4,3.8,282,0,0,0,0.4,0.4,412.2,680.4,75,0,0,4,6.1,680.4,282,1.2,17,26,1
2025-09-04T03:50:00-04:00,2025-09-04 03:50:00,9,8.6,1.4,2,3.8,288,0,0,0,0.4,0.4,412.2,680.8,74,0,0,4,6.1,680.8,284,0.8,17,26,1
2025-09-04T03:45:00-04:00,2025-09-04 03:45:00,9.1,9.1,1.1,1.4,3.8,324,0,0,0,0.4,0.4,412.2,680.7,73,0,0,4,6.1,680.7,130,0.6,17,26,1
2025-09-04T03:40:00-04:00,2025-09-04 03:40:00,9.1,9.1,0,0.7,3.8,150,0,0,0,0.4,0.4,412.2,680.6,72,0,0,4,6.1,680.6,150,0.6,17,26,1
2025-09-04T03:35:00-04:00,2025-09-04 03:35:00,9.1,9.1,0.6,1.3,3.8,120,0,0,0,0.4,0.4,412.2,680.5,73,0,0,4,6.2,680.5,127,0.9,17,26,1
2025-09-04T03:30:00-04:00,2025-09-04 03:30:00,9,9,0,1.6,3.8,136,0,0,0,0.4,0.4,412.2,680.6,74,0,0,4,6.2,680.6,85,1.1,17,26,1
2025-09-04T03:25:00-04:00,2025-09-04 03:25:00,8.9,8.9,0.6,1.6,3.8,61,0,0,0,0.4,0.4,412.2,680.7,74,0,0,4,6.2,680.7,101,1.5,17,26,1
2025-09-04T03:20:00-04:00,2025-09-04 03:20:00,8.9,8.3,1.6,3.8,3.8,98,0,0,0,0.4,0.4,412.2,680.8,75,0,0,4,6.2,680.8,98,1.9,17,26,1
2025-09-04T03:15:00-04:00,2025-09-04 03:15:00,8.8,8.8,1,2.8,2.9,75,0,0,0,0.4,0.4,412.2,680.8,75,0,0,4,6.2,680.8,96,1.3,17,26,1
2025-09-04T03:10:00-04:00,2025-09-04 03:10:00,8.8,8.8,1.2,2.2,2.5,74,0,0,0,0.4,0.4,412.2,680.7,76,0,0,4,6.2,680.7,79,0.9,17,26,1
2025-09-04T03:05:00-04:00,2025-09-04 03:05:00,8.8,8.8,0.9,1.6,2.5,78,0,0,0,0.4,0.4,412.2,680.6,76,0,0,4,6.3,680.6,101,0.7,17,26,1
2025-09-04T03:00:00-04:00,2025-09-04 03:00:00,8.7,8.7,0,1.2,2.5,146,0,0,0,0.4,0.4,412.2,680.7,76,0,0,4,6.3,680.7,124,1,17,26,1
2025-09-04T02:55:00-04:00,2025-09-04 02:55:00,8.7,8.7,1,2.2,2.5,126,0,0,0,0.4,0.4,412.2,680.8,77,0,0,4,6.3,680.8,95,1.1,17,26,1
2025-09-04T02:50:00-04:00,2025-09-04 02:50:00,8.7,8.7,0.8,1.2,2.5,106,0,0,0,0.4,0.4,412.2,681,77,0,0,4,6.3,681,317,0.8,17,26,1
2025-09-04T02:45:00-04:00,2025-09-04 02:45:00,8.7,8.7,0.9,1.2,2.5,328,0,0,0,0.4,0.4,412.2,680.9,77,0,0,3,6.3,680.9,322,0.8,13,27,1
2025-09-04T02:40:00-04:00,2025-09-04 02:40:00,8.8,8,1.7,2.4,2.5,308,0,0,0,0.4,0.4,412.2,680.8,76,0,0,3,6.3,680.8,335,1,13,27,1
2025-09-04T02:35:00-04:00,2025-09-04 02:35:00,8.7,8.7,0.6,1.7,2.5,13,0,0,0,0.4,0.4,412.2,681,76,0,0,3,6.4,681,304,1.1,13,27,1
2025-09-04T02:30:00-04:00,2025-09-04 02:30:00,8.7,8.7,1.3,1.8,2.5,312,0,0,0,0.4,0.4,412.2,680.8,76,0,0,3,6.4,680.8,304,1,13,27,1
2025-09-04T02:25:00-04:00,2025-09-04 02:25:00,8.7,8.7,1.3,1.8,2.5,342,0,0,0,0.4,0.4,412.2,680.8,76,0,0,3,6.4,680.8,342,1.1,13,27,1
2025-09-04T02:20:00-04:00,2025-09-04 02:20:00,8.7,8.7,1.1,2.1,2.5,357,0,0,0,0.4,0.4,412.2,680.8,76,0,0,3,6.4,680.8,267,1.1,13,27,1
2025-09-04T02:15:00-04:00,2025-09-04 02:15:00,8.8,8.8,0.7,1.1,2.5,301,0,0,0,0.4,0.4,412.2,680.7,76,0,0,3,6.5,680.7,295,1,13,27,1
2025-09-04T02:10:00-04:00,2025-09-04 02:10:00,8.8,8.8,1.2,1.6,2.5,295,0,0,0,0.4,0.4,412.2,680.7,75,0,0,3,6.5,680.7,286,0.9,13,27,1
2025-09-04T02:05:00-04:00,2025-09-04 02:05:00,8.9,7.8,2.1,2.3,2.3,314,0,0,0,0.4,0.4,412.2,680.7,75,0,0,3,6.5,680.7,357,0,13,27,1
2025-09-04T02:00:00-04:00,2025-09-04 02:00:00,9,9,0,0.8,1.9,3,0,0,0,0.4,0.4,412.2,680.9,75,0,0,3,6.5,680.9,44,0,13,27,1
2025-09-04T01:55:00-04:00,2025-09-04 01:55:00,8.9,8.9,0,0.7,1.9,88,0,0,0,0.4,0.4,412.2,680.7,75,0,0,3,6.6,680.7,46,0.5,13,28,1
2025-09-04T01:50:00-04:00,2025-09-04 01:50:00,8.9,8.9,0.7,1.2,1.9,43,0,0,0,0.4,0.4,412.2,680.8,75,0,0,3,6.6,680.8,5,0.5,13,28,1
2025-09-04T01:45:00-04:00,2025-09-04 01:45:00,8.9,8.9,0.7,1,1.9,31,0,0,0,0.4,0.4,412.2,680.8,75,0,0,3,6.6,680.8,24,0.7,13,28,1
2025-09-04T01:40:00-04:00,2025-09-04 01:40:00,9,9,0.7,1.7,1.9,330,0,0,0,0.4,0.4,412.2,681,75,0,0,3,6.6,681,23,0.8,13,28,1
2025-09-04T01:35:00-04:00,2025-09-04 01:35:00,9,9,0.5,1.5,1.6,19,0,0,0,0.4,0.4,412.2,680.8,75,0,0,4,6.7,680.8,23,0.6,17,28,1
2025-09-04T01:30:00-04:00,2025-09-04 01:30:00,9.1,9.1,1.1,1.2,1.5,21,0,0,0,0.4,0.4,412.2,680.9,74,0,0,4,6.7,680.9,320,0.6,17,28,1
2025-09-04T01:25:00-04:00,2025-09-04 01:25:00,9,9,0,0.8,1.5,327,0,0,0,0.4,0.4,412.2,680.9,74,0,0,4,6.7,680.9,324,0.7,17,28,1
2025-09-04T01:20:00-04:00,2025-09-04 01:20:00,8.9,8.9,0.7,1.3,1.5,348,0,0,0,0.4,0.4,412.2,680.8,75,0,0,4,6.7,680.8,36,0.6,17,28,1
2025-09-04T01:15:00-04:00,2025-09-04 01:15:00,8.9,8.9,0,0.9,1.5,74,0,0,0,0.4,0.4,412.2,680.8,75,0,0,4,6.8,680.8,43,0.5,17,28,1
2025-09-04T01:10:00-04:00,2025-09-04 01:10:00,9,9,0.7,0.8,1.5,77,0,0,0,0.4,0.4,412.2,680.8,74,0,0,4,6.8,680.8,331,0.6,17,28,1
2025-09-04T01:05:00-04:00,2025-09-04 01:05:00,9,9,0.7,1.3,1.3,358,0,0,0,0.4,0.4,412.2,681,74,0,0,4,6.8,681,52,0,17,28,1
2025-09-04T01:00:00-04:00,2025-09-04 01:00:00,8.9,8.9,0,0.6,1.1,328,0,0,0,0.4,0.4,412.2,681,75,0,0,4,6.8,681,52,0,17,28,1
2025-09-04T00:55:00-04:00,2025-09-04 00:55:00,8.9,8.9,0,0,1.1,52,0,0,0,0.4,0.4,412.2,681,75,0,0,4,6.8,681,52,0,17,28,1
2025-09-04T00:50:00-04:00,2025-09-04 00:50:00,9,9,0,0.5,1.1,50,0,0,0,0.4,0.4,412.2,681,74,0,0,4,6.8,681,127,0.5,17,28,1
2025-09-04T00:45:00-04:00,2025-09-04 00:45:00,9,9,0.7,0.9,1.1,127,0,0,0,0.4,0.4,412.2,681.1,74,0,0,4,6.8,681.1,127,0.6,17,28,1
2025-09-04T00:40:00-04:00,2025-09-04 00:40:00,9,9,0.6,0.9,1.1,112,0,0,0,0.4,0.4,412.2,680.9,74,0,0,4,6.8,680.9,103,0,17,28,1
2025-09-04T00:35:00-04:00,2025-09-04 00:35:00,9.1,9.1,0,1,1.1,101,0,0,0,0.4,0.4,412.2,681.2,74,0,0,3,6.8,681.2,343,0,13,28,1
2025-09-04T00:30:00-04:00,2025-09-04 00:30:00,9.1,9.1,0,0,1.1,343,0,0,0,0.4,0.4,412.2,681.2,74,0,0,3,6.8,681.2,343,0,13,28,1
2025-09-04T00:25:00-04:00,2025-09-04 00:25:00,9.1,9.1,0,0.5,1.1,37,0,0,0,0.4,0.4,412.2,681.3,74,0,0,4,6.8,681.3,116,0,17,28,1
2025-09-04T00:20:00-04:00,2025-09-04 00:20:00,9.1,9.1,0,0,1.1,257,0,0,0,0.4,0.4,412.2,681.2,74,0,0,4,6.8,681.2,6,0,17,28,1
2025-09-04T00:15:00-04:00,2025-09-04 00:15:00,9.1,9.1,0.5,1,1.1,26,0,0,0,0.4,0.4,412.2,681.4,74,0,0,4,6.8,681.4,13,0,17,28,1
2025-09-04T00:10:00-04:00,2025-09-04 00:10:00,9.1,9.1,0.6,1,1.1,343,0,0,0,0.4,0.4,412.2,681.6,74,0,0,4,6.8,681.6,343,0,17,28,1
2025-09-04T00:05:00-04:00,2025-09-04 00:05:00,9.1,9.1,0,0.6,1.1,235,0,0,0,0.4,0.4,412.2,681.6,74,0,0,4,6.8,681.6,129,0,17,28,1
2025-09-04T00:00:00-04:00,2025-09-04 00:00:00,9.1,9.1,0.5,1.1,0.7,57,0,0,0,0.4,0.4,412.2,681.5,74,0,0,4,6.8,681.5,57,0.5,17,28,1