0	0.0	0
1	1.0	0
2	2.0	0
3	3.0	0
4	4.0	0
5	5.0	0
6	6.0	0
7	7.0	0
8	8.0	0
9	9.0	0
10	10.0	0
11	11.0	0
12	12.0	0
13	13.0	0
14	14.0	0
15	15.0	0
16	16.0	0
17	17.0	0
18	18.0	0
19	19.0	0
20	20.0	0
21	21.0	0
22	22.0	0
23	23.0	0
24	24.0	0
25	25.0	1
26	26.0	0
27	27.0	0
28	28.0	2
29	29.0	0
30	30.0	1
31	31.0	1
32	32.0	1
33	33.0	1
34	34.0	2
35	35.0	4
36	36.0	2
37	37.0	3
38	38.0	1
39	39.0	2
40	40.0	3
41	41.0	5
42	42.0	11
43	43.0	5
44	44.0	5
45	45.0	12
46	46.0	10
47	47.0	10
48	48.0	13
49	49.0	15
50	50.0	14
51	51.0	12
52	52.0	12
53	53.0	24
54	54.0	16
55	55.0	27
56	56.0	29
57	57.0	20
58	58.0	24
59	59.0	24
60	60.0	20
61	61.0	25
62	62.0	26
63	63.0	27
64	64.0	35
65	65.0	30
66	66.0	31
67	67.0	42
68	68.0	26
69	69.0	45
70	70.0	49
71	71.0	37
72	72.0	53
73	73.0	56
74	74.0	51
75	75.0	56
76	76.0	59
77	77.0	58
78	78.0	61
79	79.0	69
80	80.0	65
81	81.0	66
82	82.0	74
83	83.0	83
84	84.0	73
85	85.0	96
86	86.0	96
87	87.0	114
88	88.0	116
89	89.0	115
90	90.0	115
91	91.0	140
92	92.0	157
93	93.0	148
94	94.0	177
95	95.0	177
96	96.0	217
97	97.0	209
98	98.0	201
99	99.0	245
100	100.0	240
101	101.0	256
102	102.0	248
103	103.0	247
104	104.0	232
105	105.0	274
106	106.0	256
107	107.0	235
108	108.0	214
109	109.0	247
110	110.0	222
111	111.0	218
112	112.0	208
113	113.0	253
114	114.0	203
115	115.0	217
116	116.0	219
117	117.0	215
118	118.0	203
119	119.0	223
120	120.0	215
121	121.0	186
122	122.0	195
123	123.0	182
124	124.0	204
125	125.0	235
126	126.0	187
127	127.0	188
128	128.0	194
129	129.0	160
130	130.0	177
131	131.0	174
132	132.0	166
133	133.0	163
134	134.0	212
135	135.0	194
136	136.0	449
137	137.0	9409
138	138.0	100159
139	139.0	305023
140	140.0	398807
141	141.0	408631
142	142.0	403466
143	143.0	400922
144	144.0	399926
145	145.0	403500
146	146.0	397416
147	147.0	394877
148	148.0	393967
149	149.0	395595
150	150.0	389197
151	151.0	390682
152	152.0	385981
153	153.0	387911
154	154.0	383485
155	155.0	381276
156	156.0	379143
157	157.0	380763
158	158.0	375039
159	159.0	372473
160	160.0	370825
161	161.0	373485
162	162.0	368245
163	163.0	366492
164	164.0	365155
165	165.0	366691
166	166.0	362494
167	167.0	363746
168	168.0	359105
169	169.0	360533
170	170.0	355145
171	171.0	353345
172	172.0	350476
173	173.0	353603
174	174.0	347733
175	175.0	344861
176	176.0	343566
177	177.0	345053
178	178.0	339875
179	179.0	336438
180	180.0	334187
181	181.0	337980
182	182.0	330783
183	183.0	331372
184	184.0	327976
185	185.0	327697
186	186.0	323133
187	187.0	321920
188	188.0	318336
189	189.0	320724
190	190.0	315294
191	191.0	313236
192	192.0	309568
193	193.0	311371
194	194.0	307302
195	195.0	304082
196	196.0	302718
197	197.0	305060
198	198.0	300490
199	199.0	300289
200	200.0	296398
201	201.0	297045
202	202.0	292640
203	203.0	290176
204	204.0	288623
205	205.0	290595
206	206.0	285986
207	207.0	282677
208	208.0	282469
209	209.0	282371
210	210.0	277897
211	211.0	277026
212	212.0	274847
213	213.0	276066
214	214.0	271410
215	215.0	271735
216	216.0	267659
217	217.0	269266
218	218.0	264224
219	219.0	263298
220	220.0	260299
221	221.0	261701
222	222.0	259504
223	223.0	254935
224	224.0	254675
225	225.0	256317
226	226.0	251948
227	227.0	251814
228	228.0	248963
229	229.0	251247
230	230.0	247172
231	231.0	246968
232	232.0	244656
233	233.0	245753
234	234.0	242610
235	235.0	239914
236	236.0	240272
237	237.0	241630
238	238.0	237561
239	239.0	236835
240	240.0	236035
241	241.0	236500
242	242.0	233346
243	243.0	232345
244	244.0	231807
245	245.0	233819
246	246.0	229523
247	247.0	229549
248	248.0	228152
249	249.0	228849
250	250.0	226303
251	251.0	224534
252	252.0	222646
253	253.0	224328
254	254.0	221159
255	255.0	217739
256	256.0	219091
257	257.0	219328
258	258.0	216290
259	259.0	215529
260	260.0	214307
261	261.0	215104
262	262.0	212693
263	263.0	212580
264	264.0	209513
265	265.0	210978
266	266.0	208069
267	267.0	206255
268	268.0	205717
269	269.0	205739
270	270.0	204096
271	271.0	202029
272	272.0	200609
273	273.0	202383
274	274.0	199662
275	275.0	197950
276	276.0	197892
277	277.0	198728
278	278.0	195982
279	279.0	196314
280	280.0	194257
281	281.0	196034
282	282.0	193344
283	283.0	191245
284	284.0	191721
285	285.0	191849
286	286.0	189442
287	287.0	186785
288	288.0	186998
289	289.0	189400
290	290.0	186591
291	291.0	185701
292	292.0	185195
293	293.0	185527
294	294.0	183472
295	295.0	185451
296	296.0	181910
297	297.0	183913
298	298.0	181990
299	299.0	180999
300	300.0	182186
301	301.0	182728
302	302.0	181339
303	303.0	180803
304	304.0	181682
305	305.0	181854
306	306.0	181471
307	307.0	179709
308	308.0	180664
309	309.0	182627
310	310.0	181353
311	311.0	183851
312	312.0	181527
313	313.0	183560
314	314.0	182592
315	315.0	182315
316	316.0	183660
317	317.0	184336
318	318.0	183548
319	319.0	183357
320	320.0	183764
321	321.0	185250
322	322.0	183683
323	323.0	182814
324	324.0	182314
325	325.0	182676
326	326.0	182156
327	327.0	181406
328	328.0	179116
329	329.0	179531
330	330.0	176553
331	331.0	175841
332	332.0	173915
333	333.0	173920
334	334.0	170982
335	335.0	167807
336	336.0	167146
337	337.0	166311
338	338.0	163290
339	339.0	160598
340	340.0	158439
341	341.0	158548
342	342.0	153924
343	343.0	153894
344	344.0	150516
345	345.0	149157
346	346.0	145732
347	347.0	143671
348	348.0	142757
349	349.0	141093
350	350.0	138271
351	351.0	135947
352	352.0	134300
353	353.0	134557
354	354.0	132082
355	355.0	130680
356	356.0	128904
357	357.0	129693
358	358.0	126752
359	359.0	126401
360	360.0	124516
361	361.0	125089
362	362.0	122844
363	363.0	121824
364	364.0	120653
365	365.0	121686
366	366.0	118851
367	367.0	118775
368	368.0	118473
369	369.0	119298
370	370.0	117333
371	371.0	116836
372	372.0	116468
373	373.0	116512
374	374.0	115503
375	375.0	114845
376	376.0	114362
377	377.0	115337
378	378.0	113150
379	379.0	113275
380	380.0	112384
381	381.0	113019
382	382.0	112142
383	383.0	111371
384	384.0	111421
385	385.0	111787
386	386.0	110770
387	387.0	110565
388	388.0	110065
389	389.0	111214
390	390.0	108916
391	391.0	110021
392	392.0	108837
393	393.0	109828
394	394.0	108194
395	395.0	107780
396	396.0	108148
397	397.0	107994
398	398.0	107326
399	399.0	106697
400	400.0	106254
401	401.0	106775
402	402.0	105062
403	403.0	105640
404	404.0	104233
405	405.0	105457
406	406.0	104219
407	407.0	104304
408	408.0	102789
409	409.0	103534
410	410.0	102100
411	411.0	101145
412	412.0	100791
413	413.0	100928
414	414.0	99858
415	415.0	98839
416	416.0	97980
417	417.0	98292
418	418.0	97569
419	419.0	96037
420	420.0	95920
421	421.0	95879
422	422.0	94480
423	423.0	94624
424	424.0	94102
425	425.0	93671
426	426.0	92373
427	427.0	91643
428	428.0	91419
429	429.0	91637
430	430.0	89557
431	431.0	89203
432	432.0	89189
433	433.0	88989
434	434.0	88093
435	435.0	87300
436	436.0	87062
437	437.0	87107
438	438.0	86881
439	439.0	86747
440	440.0	85638
441	441.0	86179
442	442.0	85513
443	443.0	85232
444	444.0	85136
445	445.0	85743
446	446.0	84891
447	447.0	84045
448	448.0	84584
449	449.0	85439
450	450.0	84356
451	451.0	84390
452	452.0	85033
453	453.0	84632
454	454.0	84331
455	455.0	85424
456	456.0	84412
457	457.0	85398
458	458.0	84710
459	459.0	84492
460	460.0	85055
461	461.0	85666
462	462.0	85399
463	463.0	85436
464	464.0	85470
465	465.0	86377
466	466.0	85428
467	467.0	85064
468	468.0	85909
469	469.0	86630
470	470.0	85091
471	471.0	85724
472	472.0	85777
473	473.0	86347
474	474.0	85385
475	475.0	84759
476	476.0	84864
477	477.0	85677
478	478.0	84803
479	479.0	84177
480	480.0	84931
481	481.0	84679
482	482.0	83739
483	483.0	83086
484	484.0	83660
485	485.0	83566
486	486.0	82023
487	487.0	82098
488	488.0	80824
489	489.0	81575
490	490.0	80100
491	491.0	79858
492	492.0	78757
493	493.0	79012
494	494.0	77680
495	495.0	76892
496	496.0	76277
497	497.0	76567
498	498.0	74925
499	499.0	74089
500	500.0	73557
501	501.0	73673
502	502.0	71767
503	503.0	71875
504	504.0	70770
505	505.0	70288
506	506.0	69167
507	507.0	68116
508	508.0	67520
509	509.0	67600
510	510.0	65790
511	511.0	64427
512	512.0	64357
513	513.0	64125
514	514.0	63299
515	515.0	62431
516	516.0	61663
517	517.0	61866
518	518.0	60872
519	519.0	60339
520	520.0	60021
521	521.0	59898
522	522.0	58467
523	523.0	58088
524	524.0	57386
525	525.0	57705
526	526.0	56601
527	527.0	56168
528	528.0	56357
529	529.0	56331
530	530.0	55267
531	531.0	54534
532	532.0	55420
533	533.0	55035
534	534.0	53317
535	535.0	54214
536	536.0	53133
537	537.0	53319
538	538.0	52773
539	539.0	52975
540	540.0	53189
541	541.0	52805
542	542.0	52143
543	543.0	51623
544	544.0	51857
545	545.0	51945
546	546.0	51687
547	547.0	51083
548	548.0	51201
549	549.0	51962
550	550.0	50873
551	551.0	50564
552	552.0	50594
553	553.0	50794
554	554.0	50349
555	555.0	50063
556	556.0	49950
557	557.0	50204
558	558.0	49706
559	559.0	49293
560	560.0	49599
561	561.0	49383
562	562.0	49169
563	563.0	48947
564	564.0	49019
565	565.0	48725
566	566.0	48395
567	567.0	48683
568	568.0	48397
569	569.0	48692
570	570.0	48507
571	571.0	47594
572	572.0	47749
573	573.0	47944
574	574.0	47380
575	575.0	47489
576	576.0	47314
577	577.0	47439
578	578.0	46719
579	579.0	46635
580	580.0	46434
581	581.0	46817
582	582.0	46686
583	583.0	46449
584	584.0	46053
585	585.0	46494
586	586.0	45570
587	587.0	45397
588	588.0	45671
589	589.0	45910
590	590.0	45407
591	591.0	45009
592	592.0	45038
593	593.0	45156
594	594.0	44894
595	595.0	44744
596	596.0	44154
597	597.0	44551
598	598.0	44360
599	599.0	44577
600	600.0	43867
601	601.0	44381
602	602.0	43718
603	603.0	43560
604	604.0	43376
605	605.0	43808
606	606.0	43468
607	607.0	43115
608	608.0	43134
609	609.0	43754
610	610.0	42780
611	611.0	42748
612	612.0	42956
613	613.0	43185
614	614.0	42804
615	615.0	42926
616	616.0	42440
617	617.0	42874
618	618.0	42659
619	619.0	41981
620	620.0	42186
621	621.0	42555
622	622.0	42320
623	623.0	41986
624	624.0	42100
625	625.0	42051
626	626.0	42439
627	627.0	41993
628	628.0	41940
629	629.0	41659
630	630.0	41443
631	631.0	42292
632	632.0	41619
633	633.0	41949
634	634.0	41797
635	635.0	41253
636	636.0	41730
637	637.0	41092
638	638.0	41101
639	639.0	41482
640	640.0	41202
641	641.0	41331
642	642.0	41058
643	643.0	41129
644	644.0	40888
645	645.0	41447
646	646.0	41262
647	647.0	40891
648	648.0	40957
649	649.0	41045
650	650.0	40440
651	651.0	40541
652	652.0	40693
653	653.0	40711
654	654.0	40165
655	655.0	40050
656	656.0	40314
657	657.0	40588
658	658.0	39818
659	659.0	40178
660	660.0	39916
661	661.0	40085
662	662.0	40132
663	663.0	39865
664	664.0	39465
665	665.0	40238
666	666.0	39672
667	667.0	39230
668	668.0	39690
669	669.0	39589
670	670.0	39078
671	671.0	39113
672	672.0	39511
673	673.0	39616
674	674.0	39380
675	675.0	39001
676	676.0	39398
677	677.0	39660
678	678.0	39613
679	679.0	39297
680	680.0	39252
681	681.0	39590
682	682.0	39103
683	683.0	39174
684	684.0	39412
685	685.0	39570
686	686.0	39091
687	687.0	39368
688	688.0	39092
689	689.0	39719
690	690.0	39132
691	691.0	39250
692	692.0	39458
693	693.0	39815
694	694.0	39307
695	695.0	39844
696	696.0	39157
697	697.0	39612
698	698.0	39450
699	699.0	39095
700	700.0	39958
701	701.0	39726
702	702.0	39688
703	703.0	39422
704	704.0	39521
705	705.0	39688
706	706.0	39138
707	707.0	38940
708	708.0	39022
709	709.0	39746
710	710.0	39188
711	711.0	39080
712	712.0	38830
713	713.0	39709
714	714.0	39002
715	715.0	38676
716	716.0	38659
717	717.0	38844
718	718.0	38352
719	719.0	38567
720	720.0	38249
721	721.0	38310
722	722.0	38445
723	723.0	37987
724	724.0	38192
725	725.0	37967
726	726.0	37449
727	727.0	37321
728	728.0	37492
729	729.0	37417
730	730.0	36620
731	731.0	36748
732	732.0	36625
733	733.0	36318
734	734.0	35919
735	735.0	35723
736	736.0	35474
737	737.0	35806
738	738.0	35144
739	739.0	35278
740	740.0	34940
741	741.0	35222
742	742.0	34260
743	743.0	34396
744	744.0	34588
745	745.0	34305
746	746.0	33959
747	747.0	33732
748	748.0	33818
749	749.0	33922
750	750.0	33357
751	751.0	33453
752	752.0	33060
753	753.0	32994
754	754.0	32768
755	755.0	32713
756	756.0	32867
757	757.0	33071
758	758.0	32804
759	759.0	32988
760	760.0	32834
761	761.0	32822
762	762.0	32804
763	763.0	32591
764	764.0	32530
765	765.0	32995
766	766.0	32498
767	767.0	32450
768	768.0	33163
769	769.0	32970
770	770.0	33038
771	771.0	32871
772	772.0	33227
773	773.0	33737
774	774.0	33268
775	775.0	33601
776	776.0	33556
777	777.0	33893
778	778.0	33761
779	779.0	33691
780	780.0	34042
781	781.0	34650
782	782.0	34647
783	783.0	34406
784	784.0	34855
785	785.0	35310
786	786.0	35316
787	787.0	35044
788	788.0	35794
789	789.0	36055
790	790.0	36245
791	791.0	36457
792	792.0	36514
793	793.0	36905
794	794.0	37056
795	795.0	37166
796	796.0	37231
797	797.0	37738
798	798.0	37731
799	799.0	37764
800	800.0	38064
801	801.0	38832
802	802.0	38655
803	803.0	38646
804	804.0	39142
805	805.0	39499
806	806.0	39174
807	807.0	40288
808	808.0	39830
809	809.0	40200
810	810.0	40021
811	811.0	39814
812	812.0	40862
813	813.0	40726
814	814.0	40580
815	815.0	40664
816	816.0	40860
817	817.0	41071
818	818.0	41638
819	819.0	41139
820	820.0	41285
821	821.0	41552
822	822.0	41612
823	823.0	41671
824	824.0	42013
825	825.0	41720
826	826.0	41439
827	827.0	41885
828	828.0	41422
829	829.0	42257
830	830.0	41479
831	831.0	41339
832	832.0	41584
833	833.0	41664
834	834.0	41499
835	835.0	41271
836	836.0	41159
837	837.0	41589
838	838.0	40799
839	839.0	41140
840	840.0	40713
841	841.0	40949
842	842.0	40629
843	843.0	40365
844	844.0	40238
845	845.0	40497
846	846.0	39566
847	847.0	39349
848	848.0	39294
849	849.0	39089
850	850.0	38695
851	851.0	38937
852	852.0	38209
853	853.0	38465
854	854.0	37641
855	855.0	37638
856	856.0	37230
857	857.0	36881
858	858.0	36756
859	859.0	36230
860	860.0	36238
861	861.0	36260
862	862.0	35157
863	863.0	34849
864	864.0	34731
865	865.0	34527
866	866.0	33899
867	867.0	33557
868	868.0	33326
869	869.0	33176
870	870.0	32495
871	871.0	32856
872	872.0	31795
873	873.0	31430
874	874.0	31215
875	875.0	30947
876	876.0	30605
877	877.0	30505
878	878.0	29781
879	879.0	29323
880	880.0	29183
881	881.0	29172
882	882.0	28588
883	883.0	28329
884	884.0	27676
885	885.0	27546
886	886.0	27242
887	887.0	27391
888	888.0	26727
889	889.0	26705
890	890.0	26251
891	891.0	25772
892	892.0	25731
893	893.0	25730
894	894.0	25141
895	895.0	24948
896	896.0	24783
897	897.0	24405
898	898.0	24239
899	899.0	24181
900	900.0	24129
901	901.0	23985
902	902.0	23759
903	903.0	23670
904	904.0	23335
905	905.0	23252
906	906.0	22681
907	907.0	22599
908	908.0	22593
909	909.0	22641
910	910.0	22424
911	911.0	22138
912	912.0	22204
913	913.0	22231
914	914.0	21851
915	915.0	21674
916	916.0	21510
917	917.0	21739
918	918.0	21611
919	919.0	21789
920	920.0	21377
921	921.0	21349
922	922.0	21286
923	923.0	21179
924	924.0	21146
925	925.0	21185
926	926.0	21170
927	927.0	20586
928	928.0	21057
929	929.0	20743
930	930.0	20603
931	931.0	20765
932	932.0	20859
933	933.0	20727
934	934.0	20540
935	935.0	20960
936	936.0	20455
937	937.0	20781
938	938.0	20456
939	939.0	20259
940	940.0	20624
941	941.0	20522
942	942.0	20143
943	943.0	20286
944	944.0	19967
945	945.0	20276
946	946.0	20223
947	947.0	20159
948	948.0	19850
949	949.0	20099
950	950.0	19888
951	951.0	19799
952	952.0	19632
953	953.0	19995
954	954.0	20082
955	955.0	19556
956	956.0	19660
957	957.0	19912
958	958.0	19917
959	959.0	19574
960	960.0	19533
961	961.0	19485
962	962.0	19556
963	963.0	19626
964	964.0	19712
965	965.0	19750
966	966.0	19494
967	967.0	19738
968	968.0	19472
969	969.0	19628
970	970.0	19573
971	971.0	19390
972	972.0	19335
973	973.0	19612
974	974.0	19531
975	975.0	19260
976	976.0	19530
977	977.0	19244
978	978.0	19447
979	979.0	19128
980	980.0	19247
981	981.0	19370
982	982.0	19246
983	983.0	19344
984	984.0	19361
985	985.0	19343
986	986.0	19468
987	987.0	19377
988	988.0	19318
989	989.0	19621
990	990.0	19221
991	991.0	19354
992	992.0	19586
993	993.0	19507
994	994.0	19192
995	995.0	19429
996	996.0	19391
997	997.0	19492
998	998.0	19585
999	999.0	19420
1000	1000.0	19373
1001	1001.0	19522
1002	1002.0	19412
1003	1003.0	19554
1004	1004.0	19559
1005	1005.0	19501
1006	1006.0	19282
1007	1007.0	19362
1008	1008.0	19524
1009	1009.0	19760
1010	1010.0	19433
1011	1011.0	19263
1012	1012.0	19548
1013	1013.0	19586
1014	1014.0	19523
1015	1015.0	19466
1016	1016.0	19504
1017	1017.0	19687
1018	1018.0	19313
1019	1019.0	19357
1020	1020.0	18886
1021	1021.0	19709
1022	1022.0	19360
1023	1023.0	18913
1024	1024.0	19328
1025	1025.0	19526
1026	1026.0	19309
1027	1027.0	19184
1028	1028.0	19374
1029	1029.0	19427
1030	1030.0	19474
1031	1031.0	19404
1032	1032.0	19235
1033	1033.0	19249
1034	1034.0	19255
1035	1035.0	19136
1036	1036.0	19040
1037	1037.0	19274
1038	1038.0	19167
1039	1039.0	19217
1040	1040.0	19207
1041	1041.0	19196
1042	1042.0	18905
1043	1043.0	18953
1044	1044.0	19030
1045	1045.0	19019
1046	1046.0	18817
1047	1047.0	18931
1048	1048.0	18882
1049	1049.0	18877
1050	1050.0	18911
1051	1051.0	18657
1052	1052.0	18936
1053	1053.0	19066
1054	1054.0	19075
1055	1055.0	18805
1056	1056.0	18669
1057	1057.0	18885
1058	1058.0	18769
1059	1059.0	18626
1060	1060.0	18778
1061	1061.0	18950
1062	1062.0	18637
1063	1063.0	18657
1064	1064.0	18573
1065	1065.0	18632
1066	1066.0	18878
1067	1067.0	18200
1068	1068.0	18649
1069	1069.0	18634
1070	1070.0	18429
1071	1071.0	18552
1072	1072.0	18378
1073	1073.0	18533
1074	1074.0	18663
1075	1075.0	18429
1076	1076.0	18252
1077	1077.0	18619
1078	1078.0	18344
1079	1079.0	18369
1080	1080.0	18380
1081	1081.0	18546
1082	1082.0	18399
1083	1083.0	18109
1084	1084.0	18329
1085	1085.0	18492
1086	1086.0	18104
1087	1087.0	18194
1088	1088.0	18067
1089	1089.0	18185
1090	1090.0	18212
1091	1091.0	18012
1092	1092.0	18328
1093	1093.0	18307
1094	1094.0	17944
1095	1095.0	17918
1096	1096.0	18043
1097	1097.0	18030
1098	1098.0	18059
1099	1099.0	17892
1100	1100.0	17620
1101	1101.0	17826
1102	1102.0	17850
1103	1103.0	17720
1104	1104.0	17606
1105	1105.0	17774
1106	1106.0	17724
1107	1107.0	17367
1108	1108.0	17508
1109	1109.0	17701
1110	1110.0	17381
1111	1111.0	17431
1112	1112.0	17249
1113	1113.0	17321
1114	1114.0	17205
1115	1115.0	17236
1116	1116.0	16966
1117	1117.0	16908
1118	1118.0	16938
1119	1119.0	16967
1120	1120.0	16879
1121	1121.0	17151
1122	1122.0	16801
1123	1123.0	16565
1124	1124.0	16723
1125	1125.0	16682
1126	1126.0	16581
1127	1127.0	16634
1128	1128.0	16527
1129	1129.0	16470
1130	1130.0	16458
1131	1131.0	16238
1132	1132.0	16439
1133	1133.0	16645
1134	1134.0	16319
1135	1135.0	16069
1136	1136.0	15952
1137	1137.0	15813
1138	1138.0	15854
1139	1139.0	15936
1140	1140.0	15997
1141	1141.0	16029
1142	1142.0	16143
1143	1143.0	16102
1144	1144.0	15958
1145	1145.0	15773
1146	1146.0	15750
1147	1147.0	15791
1148	1148.0	15632
1149	1149.0	15809
1150	1150.0	15595
1151	1151.0	15735
1152	1152.0	15596
1153	1153.0	15835
1154	1154.0	15643
1155	1155.0	15493
1156	1156.0	15470
1157	1157.0	15674
1158	1158.0	15519
1159	1159.0	15469
1160	1160.0	15625
1161	1161.0	15557
1162	1162.0	15522
1163	1163.0	15471
1164	1164.0	15629
1165	1165.0	15698
1166	1166.0	15168
1167	1167.0	15165
1168	1168.0	15358
1169	1169.0	15381
1170	1170.0	15464
1171	1171.0	14932
1172	1172.0	15323
1173	1173.0	15562
1174	1174.0	15284
1175	1175.0	15500
1176	1176.0	15144
1177	1177.0	15406
1178	1178.0	15301
1179	1179.0	15030
1180	1180.0	15431
1181	1181.0	15503
1182	1182.0	15382
1183	1183.0	15006
1184	1184.0	15303
1185	1185.0	15413
1186	1186.0	15388
1187	1187.0	15331
1188	1188.0	15413
1189	1189.0	15154
1190	1190.0	15268
1191	1191.0	15395
1192	1192.0	15211
1193	1193.0	15392
1194	1194.0	15382
1195	1195.0	15356
1196	1196.0	15524
1197	1197.0	15607
1198	1198.0	15295
1199	1199.0	15331
1200	1200.0	15537
1201	1201.0	15519
1202	1202.0	15397
1203	1203.0	15449
1204	1204.0	15590
1205	1205.0	15611
1206	1206.0	15552
1207	1207.0	15662
1208	1208.0	15390
1209	1209.0	15926
1210	1210.0	15615
1211	1211.0	15627
1212	1212.0	15371
1213	1213.0	15627
1214	1214.0	15724
1215	1215.0	15539
1216	1216.0	15674
1217	1217.0	15762
1218	1218.0	16046
1219	1219.0	15950
1220	1220.0	16016
1221	1221.0	15916
1222	1222.0	15993
1223	1223.0	16127
1224	1224.0	16331
1225	1225.0	16509
1226	1226.0	16158
1227	1227.0	16377
1228	1228.0	16196
1229	1229.0	16574
1230	1230.0	16288
1231	1231.0	16253
1232	1232.0	16438
1233	1233.0	16722
1234	1234.0	16607
1235	1235.0	16956
1236	1236.0	16973
1237	1237.0	16984
1238	1238.0	16958
1239	1239.0	17086
1240	1240.0	17131
1241	1241.0	17220
1242	1242.0	17243
1243	1243.0	17207
1244	1244.0	17344
1245	1245.0	17245
1246	1246.0	17371
1247	1247.0	17405
1248	1248.0	17262
1249	1249.0	17691
1250	1250.0	17315
1251	1251.0	17658
1252	1252.0	17875
1253	1253.0	18024
1254	1254.0	17697
1255	1255.0	17938
1256	1256.0	17944
1257	1257.0	18077
1258	1258.0	18110
1259	1259.0	18083
1260	1260.0	18142
1261	1261.0	18393
1262	1262.0	18452
1263	1263.0	18221
1264	1264.0	18388
1265	1265.0	18610
1266	1266.0	18501
1267	1267.0	18123
1268	1268.0	18421
1269	1269.0	18578
1270	1270.0	18608
1271	1271.0	18782
1272	1272.0	18517
1273	1273.0	18704
1274	1274.0	18666
1275	1275.0	18663
1276	1276.0	18777
1277	1277.0	19015
1278	1278.0	18785
1279	1279.0	18550
1280	1280.0	18828
1281	1281.0	18974
1282	1282.0	18778
1283	1283.0	18742
1284	1284.0	18709
1285	1285.0	18859
1286	1286.0	18526
1287	1287.0	18852
1288	1288.0	18697
1289	1289.0	18912
1290	1290.0	18757
1291	1291.0	18660
1292	1292.0	18840
1293	1293.0	18728
1294	1294.0	18687
1295	1295.0	18693
1296	1296.0	18744
1297	1297.0	18437
1298	1298.0	18426
1299	1299.0	18069
1300	1300.0	18410
1301	1301.0	18608
1302	1302.0	18104
1303	1303.0	18442
1304	1304.0	17882
1305	1305.0	18202
1306	1306.0	18225
1307	1307.0	18015
1308	1308.0	18088
1309	1309.0	18020
1310	1310.0	18054
1311	1311.0	17961
1312	1312.0	17714
1313	1313.0	17902
1314	1314.0	17901
1315	1315.0	17628
1316	1316.0	17660
1317	1317.0	17694
1318	1318.0	17805
1319	1319.0	17571
1320	1320.0	17613
1321	1321.0	17459
1322	1322.0	17313
1323	1323.0	17349
1324	1324.0	17366
1325	1325.0	17356
1326	1326.0	17265
1327	1327.0	17423
1328	1328.0	16893
1329	1329.0	17424
1330	1330.0	16954
1331	1331.0	17156
1332	1332.0	17184
1333	1333.0	17192
1334	1334.0	16896
1335	1335.0	17114
1336	1336.0	16925
1337	1337.0	16912
1338	1338.0	16797
1339	1339.0	16931
1340	1340.0	16830
1341	1341.0	16848
1342	1342.0	16654
1343	1343.0	16482
1344	1344.0	16400
1345	1345.0	16671
1346	1346.0	16294
1347	1347.0	16287
1348	1348.0	16486
1349	1349.0	16393
1350	1350.0	16192
1351	1351.0	16511
1352	1352.0	16229
1353	1353.0	16415
1354	1354.0	16279
1355	1355.0	16154
1356	1356.0	16213
1357	1357.0	16130
1358	1358.0	15880
1359	1359.0	15908
1360	1360.0	15650
1361	1361.0	15835
1362	1362.0	15860
1363	1363.0	15628
1364	1364.0	15744
1365	1365.0	15677
1366	1366.0	15455
1367	1367.0	15372
1368	1368.0	15455
1369	1369.0	15570
1370	1370.0	15226
1371	1371.0	14990
1372	1372.0	15059
1373	1373.0	15247
1374	1374.0	15192
1375	1375.0	14800
1376	1376.0	14743
1377	1377.0	14649
1378	1378.0	14640
1379	1379.0	14626
1380	1380.0	14432
1381	1381.0	14809
1382	1382.0	14284
1383	1383.0	14194
1384	1384.0	14125
1385	1385.0	14170
1386	1386.0	14112
1387	1387.0	13803
1388	1388.0	13760
1389	1389.0	13839
1390	1390.0	13693
1391	1391.0	13543
1392	1392.0	13474
1393	1393.0	13304
1394	1394.0	13154
1395	1395.0	13166
1396	1396.0	13154
1397	1397.0	13048
1398	1398.0	12883
1399	1399.0	12799
1400	1400.0	12674
1401	1401.0	12842
1402	1402.0	12527
1403	1403.0	12456
1404	1404.0	12431
1405	1405.0	12306
1406	1406.0	12186
1407	1407.0	12143
1408	1408.0	12149
1409	1409.0	11671
1410	1410.0	11721
1411	1411.0	11769
1412	1412.0	11641
1413	1413.0	11844
1414	1414.0	11543
1415	1415.0	11632
1416	1416.0	11410
1417	1417.0	11289
1418	1418.0	11389
1419	1419.0	11296
1420	1420.0	11337
1421	1421.0	11209
1422	1422.0	11072
1423	1423.0	10900
1424	1424.0	10742
1425	1425.0	11086
1426	1426.0	10662
1427	1427.0	10747
1428	1428.0	10902
1429	1429.0	11082
1430	1430.0	10666
1431	1431.0	10591
1432	1432.0	10604
1433	1433.0	10593
1434	1434.0	10597
1435	1435.0	10674
1436	1436.0	10461
1437	1437.0	10492
1438	1438.0	10436
1439	1439.0	10314
1440	1440.0	10430
1441	1441.0	10537
1442	1442.0	10648
1443	1443.0	10133
1444	1444.0	10390
1445	1445.0	10136
1446	1446.0	10256
1447	1447.0	10216
1448	1448.0	10062
1449	1449.0	10204
1450	1450.0	10254
1451	1451.0	10112
1452	1452.0	10199
1453	1453.0	10098
1454	1454.0	10172
1455	1455.0	9979
1456	1456.0	9978
1457	1457.0	10201
1458	1458.0	10022
1459	1459.0	9993
1460	1460.0	10132
1461	1461.0	10172
1462	1462.0	9989
1463	1463.0	10101
1464	1464.0	10152
1465	1465.0	10202
1466	1466.0	9917
1467	1467.0	9949
1468	1468.0	10092
1469	1469.0	10180
1470	1470.0	9973
1471	1471.0	10230
1472	1472.0	10064
1473	1473.0	10156
1474	1474.0	10088
1475	1475.0	10095
1476	1476.0	10167
1477	1477.0	10283
1478	1478.0	10206
1479	1479.0	10262
1480	1480.0	10069
1481	1481.0	10065
1482	1482.0	10125
1483	1483.0	10330
1484	1484.0	10264
1485	1485.0	10246
1486	1486.0	10094
1487	1487.0	10086
1488	1488.0	10180
1489	1489.0	10267
1490	1490.0	10345
1491	1491.0	10172
1492	1492.0	10301
1493	1493.0	10412
1494	1494.0	10198
1495	1495.0	10547
1496	1496.0	10553
1497	1497.0	10577
1498	1498.0	10253
1499	1499.0	10402
1500	1500.0	10419
1501	1501.0	10427
1502	1502.0	10568
1503	1503.0	10306
1504	1504.0	10578
1505	1505.0	10580
1506	1506.0	10603
1507	1507.0	10508
1508	1508.0	10647
1509	1509.0	10839
1510	1510.0	10658
1511	1511.0	10708
1512	1512.0	10574
1513	1513.0	10936
1514	1514.0	10635
1515	1515.0	10630
1516	1516.0	10789
1517	1517.0	10905
1518	1518.0	10745
1519	1519.0	10791
1520	1520.0	10812
1521	1521.0	10967
1522	1522.0	10986
1523	1523.0	10860
1524	1524.0	11072
1525	1525.0	11259
1526	1526.0	11148
1527	1527.0	11174
1528	1528.0	11351
1529	1529.0	11311
1530	1530.0	11106
1531	1531.0	11277
1532	1532.0	11154
1533	1533.0	11324
1534	1534.0	11278
1535	1535.0	11045
1536	1536.0	11465
1537	1537.0	11552
1538	1538.0	11385
1539	1539.0	11498
1540	1540.0	11542
1541	1541.0	11481
1542	1542.0	11574
1543	1543.0	11583
1544	1544.0	11602
1545	1545.0	11520
1546	1546.0	11637
1547	1547.0	11493
1548	1548.0	11494
1549	1549.0	11663
1550	1550.0	11788
1551	1551.0	11582
1552	1552.0	11515
1553	1553.0	11647
1554	1554.0	11594
1555	1555.0	11827
1556	1556.0	11941
1557	1557.0	11912
1558	1558.0	11998
1559	1559.0	11792
1560	1560.0	11922
1561	1561.0	11796
1562	1562.0	11841
1563	1563.0	11727
1564	1564.0	11918
1565	1565.0	12160
1566	1566.0	11826
1567	1567.0	11709
1568	1568.0	11934
1569	1569.0	12012
1570	1570.0	12078
1571	1571.0	12003
1572	1572.0	11753
1573	1573.0	11958
1574	1574.0	11955
1575	1575.0	12053
1576	1576.0	11862
1577	1577.0	11835
1578	1578.0	11680
1579	1579.0	11680
1580	1580.0	11807
1581	1581.0	11856
1582	1582.0	11715
1583	1583.0	11865
1584	1584.0	11708
1585	1585.0	11758
1586	1586.0	11835
1587	1587.0	11664
1588	1588.0	11590
1589	1589.0	11591
1590	1590.0	11525
1591	1591.0	11579
1592	1592.0	11620
1593	1593.0	11459
1594	1594.0	11251
1595	1595.0	11293
1596	1596.0	11455
1597	1597.0	11568
1598	1598.0	11369
1599	1599.0	11282
1600	1600.0	11207
1601	1601.0	11243
1602	1602.0	11143
1603	1603.0	11167
1604	1604.0	11175
1605	1605.0	11194
1606	1606.0	11151
1607	1607.0	11029
1608	1608.0	11035
1609	1609.0	11247
1610	1610.0	10861
1611	1611.0	10718
1612	1612.0	10789
1613	1613.0	10804
1614	1614.0	10788
1615	1615.0	10555
1616	1616.0	10531
1617	1617.0	10648
1618	1618.0	10302
1619	1619.0	10430
1620	1620.0	10398
1621	1621.0	10550
1622	1622.0	10437
1623	1623.0	10252
1624	1624.0	10371
1625	1625.0	10338
1626	1626.0	10185
1627	1627.0	10079
1628	1628.0	10037
1629	1629.0	10063
1630	1630.0	9943
1631	1631.0	9953
1632	1632.0	10082
1633	1633.0	10035
1634	1634.0	9945
1635	1635.0	9841
1636	1636.0	9811
1637	1637.0	9995
1638	1638.0	9804
1639	1639.0	9653
1640	1640.0	9551
1641	1641.0	9636
1642	1642.0	9679
1643	1643.0	9728
1644	1644.0	9483
1645	1645.0	9625
1646	1646.0	9633
1647	1647.0	9377
1648	1648.0	9551
1649	1649.0	9522
1650	1650.0	9208
1651	1651.0	9248
1652	1652.0	9381
1653	1653.0	9378
1654	1654.0	9175
1655	1655.0	9199
1656	1656.0	9180
1657	1657.0	9292
1658	1658.0	9216
1659	1659.0	9050
1660	1660.0	9111
1661	1661.0	9074
1662	1662.0	9110
1663	1663.0	8838
1664	1664.0	9069
1665	1665.0	9047
1666	1666.0	8911
1667	1667.0	8896
1668	1668.0	8967
1669	1669.0	8959
1670	1670.0	9007
1671	1671.0	8812
1672	1672.0	8875
1673	1673.0	8764
1674	1674.0	8762
1675	1675.0	8656
1676	1676.0	8560
1677	1677.0	8786
1678	1678.0	8589
1679	1679.0	8506
1680	1680.0	8682
1681	1681.0	8664
1682	1682.0	8541
1683	1683.0	8596
1684	1684.0	8607
1685	1685.0	8587
1686	1686.0	8597
1687	1687.0	8508
1688	1688.0	8616
1689	1689.0	8617
1690	1690.0	8632
1691	1691.0	8281
1692	1692.0	8392
1693	1693.0	8468
1694	1694.0	8321
1695	1695.0	8363
1696	1696.0	8424
1697	1697.0	8656
1698	1698.0	8254
1699	1699.0	8457
1700	1700.0	8329
1701	1701.0	8388
1702	1702.0	8475
1703	1703.0	8321
1704	1704.0	8214
1705	1705.0	8356
1706	1706.0	8349
1707	1707.0	8392
1708	1708.0	8263
1709	1709.0	8273
1710	1710.0	8282
1711	1711.0	8198
1712	1712.0	8377
1713	1713.0	8066
1714	1714.0	8164
1715	1715.0	8186
1716	1716.0	8198
1717	1717.0	8198
1718	1718.0	7892
1719	1719.0	8238
1720	1720.0	8010
1721	1721.0	8088
1722	1722.0	7936
1723	1723.0	7893
1724	1724.0	7938
1725	1725.0	8082
1726	1726.0	7942
1727	1727.0	7815
1728	1728.0	8021
1729	1729.0	8002
1730	1730.0	7968
1731	1731.0	7561
1732	1732.0	7789
1733	1733.0	8087
1734	1734.0	7807
1735	1735.0	7695
1736	1736.0	7818
1737	1737.0	7832
1738	1738.0	7924
1739	1739.0	7655
1740	1740.0	7664
1741	1741.0	7782
1742	1742.0	7491
1743	1743.0	7498
1744	1744.0	7592
1745	1745.0	7635
1746	1746.0	7712
1747	1747.0	7536
1748	1748.0	7359
1749	1749.0	7420
1750	1750.0	7538
1751	1751.0	7346
1752	1752.0	7523
1753	1753.0	7437
1754	1754.0	7352
1755	1755.0	7267
1756	1756.0	7406
1757	1757.0	7316
1758	1758.0	7094
1759	1759.0	7163
1760	1760.0	7229
1761	1761.0	7251
1762	1762.0	7144
1763	1763.0	7101
1764	1764.0	7108
1765	1765.0	7066
1766	1766.0	6820
1767	1767.0	7028
1768	1768.0	6989
1769	1769.0	7131
1770	1770.0	7053
1771	1771.0	6814
1772	1772.0	6944
1773	1773.0	6897
1774	1774.0	6808
1775	1775.0	6857
1776	1776.0	6817
1777	1777.0	6818
1778	1778.0	6612
1779	1779.0	6711
1780	1780.0	6729
1781	1781.0	6849
1782	1782.0	6690
1783	1783.0	6595
1784	1784.0	6736
1785	1785.0	6670
1786	1786.0	6485
1787	1787.0	6454
1788	1788.0	6346
1789	1789.0	6623
1790	1790.0	6625
1791	1791.0	6342
1792	1792.0	6351
1793	1793.0	6325
1794	1794.0	6437
1795	1795.0	6253
1796	1796.0	6376
1797	1797.0	6218
1798	1798.0	6283
1799	1799.0	6256
1800	1800.0	6087
1801	1801.0	6333
1802	1802.0	6265
1803	1803.0	5990
1804	1804.0	6034
1805	1805.0	5997
1806	1806.0	6112
1807	1807.0	6107
1808	1808.0	5875
1809	1809.0	6116
1810	1810.0	6136
1811	1811.0	5948
1812	1812.0	6059
1813	1813.0	5991
1814	1814.0	6006
1815	1815.0	5932
1816	1816.0	6032
1817	1817.0	5911
1818	1818.0	5928
1819	1819.0	5846
1820	1820.0	5925
1821	1821.0	5822
1822	1822.0	5878
1823	1823.0	5880
1824	1824.0	5657
1825	1825.0	5723
1826	1826.0	5867
1827	1827.0	5705
1828	1828.0	5758
1829	1829.0	5809
1830	1830.0	5829
1831	1831.0	5788
1832	1832.0	5742
1833	1833.0	5755
1834	1834.0	5716
1835	1835.0	5700
1836	1836.0	5706
1837	1837.0	5769
1838	1838.0	5957
1839	1839.0	5687
1840	1840.0	5713
1841	1841.0	5765
1842	1842.0	5647
1843	1843.0	5710
1844	1844.0	5853
1845	1845.0	5895
1846	1846.0	5708
1847	1847.0	5804
1848	1848.0	5722
1849	1849.0	5794
1850	1850.0	5670
1851	1851.0	5803
1852	1852.0	5832
1853	1853.0	5856
1854	1854.0	5866
1855	1855.0	5699
1856	1856.0	5803
1857	1857.0	5910
1858	1858.0	5879
1859	1859.0	5859
1860	1860.0	5899
1861	1861.0	5918
1862	1862.0	5850
1863	1863.0	6015
1864	1864.0	5955
1865	1865.0	6024
1866	1866.0	6015
1867	1867.0	5896
1868	1868.0	5968
1869	1869.0	6075
1870	1870.0	6094
1871	1871.0	6130
1872	1872.0	6156
1873	1873.0	6073
1874	1874.0	6170
1875	1875.0	6206
1876	1876.0	6074
1877	1877.0	6198
1878	1878.0	6198
1879	1879.0	6276
1880	1880.0	6278
1881	1881.0	6550
1882	1882.0	6355
1883	1883.0	6367
1884	1884.0	6401
1885	1885.0	6568
1886	1886.0	6526
1887	1887.0	6433
1888	1888.0	6369
1889	1889.0	6728
1890	1890.0	6602
1891	1891.0	6713
1892	1892.0	6877
1893	1893.0	6842
1894	1894.0	6947
1895	1895.0	6930
1896	1896.0	6804
1897	1897.0	7027
1898	1898.0	7110
1899	1899.0	7235
1900	1900.0	7172
1901	1901.0	7372
1902	1902.0	7199
1903	1903.0	7243
1904	1904.0	7335
1905	1905.0	7535
1906	1906.0	7508
1907	1907.0	7577
1908	1908.0	7682
1909	1909.0	7770
1910	1910.0	7749
1911	1911.0	7887
1912	1912.0	8043
1913	1913.0	7985
1914	1914.0	8062
1915	1915.0	8196
1916	1916.0	8168
1917	1917.0	8423
1918	1918.0	8461
1919	1919.0	8414
1920	1920.0	8606
1921	1921.0	8654
1922	1922.0	8699
1923	1923.0	8820
1924	1924.0	8789
1925	1925.0	9022
1926	1926.0	9003
1927	1927.0	9145
1928	1928.0	9400
1929	1929.0	9309
1930	1930.0	9631
1931	1931.0	9548
1932	1932.0	9767
1933	1933.0	9880
1934	1934.0	9902
1935	1935.0	9963
1936	1936.0	10317
1937	1937.0	10577
1938	1938.0	10524
1939	1939.0	10617
1940	1940.0	10627
1941	1941.0	10896
1942	1942.0	10871
1943	1943.0	11206
1944	1944.0	11378
1945	1945.0	11553
1946	1946.0	11564
1947	1947.0	12004
1948	1948.0	11985
1949	1949.0	12190
1950	1950.0	12387
1951	1951.0	12393
1952	1952.0	12462
1953	1953.0	12954
1954	1954.0	12891
1955	1955.0	13065
1956	1956.0	13320
1957	1957.0	13513
1958	1958.0	13929
1959	1959.0	14004
1960	1960.0	13981
1961	1961.0	14667
1962	1962.0	14509
1963	1963.0	14655
1964	1964.0	14765
1965	1965.0	15284
1966	1966.0	15531
1967	1967.0	15347
1968	1968.0	15641
1969	1969.0	16034
1970	1970.0	16307
1971	1971.0	16454
1972	1972.0	16723
1973	1973.0	17015
1974	1974.0	16931
1975	1975.0	17269
1976	1976.0	17617
1977	1977.0	17799
1978	1978.0	18158
1979	1979.0	18227
1980	1980.0	18707
1981	1981.0	19061
1982	1982.0	19099
1983	1983.0	19062
1984	1984.0	19535
1985	1985.0	19701
1986	1986.0	20012
1987	1987.0	19979
1988	1988.0	20497
1989	1989.0	20597
1990	1990.0	21161
1991	1991.0	21286
1992	1992.0	21600
1993	1993.0	21878
1994	1994.0	21573
1995	1995.0	21877
1996	1996.0	22142
1997	1997.0	22592
1998	1998.0	22767
1999	1999.0	22790
2000	2000.0	23085
2001	2001.0	23694
2002	2002.0	23558
2003	2003.0	23611
2004	2004.0	24083
2005	2005.0	24426
2006	2006.0	24582
2007	2007.0	24326
2008	2008.0	24670
2009	2009.0	25318
2010	2010.0	24912
2011	2011.0	25089
2012	2012.0	25126
2013	2013.0	25608
2014	2014.0	25752
2015	2015.0	25418
2016	2016.0	25585
2017	2017.0	25941
2018	2018.0	25878
2019	2019.0	26041
2020	2020.0	26127
2021	2021.0	26349
2022	2022.0	26200
2023	2023.0	26155
2024	2024.0	26114
2025	2025.0	26959
2026	2026.0	26633
2027	2027.0	26509
2028	2028.0	26356
2029	2029.0	26644
2030	2030.0	26682
2031	2031.0	26274
2032	2032.0	26793
2033	2033.0	26544
2034	2034.0	26336
2035	2035.0	26351
2036	2036.0	26267
2037	2037.0	26449
2038	2038.0	25857
2039	2039.0	26041
2040	2040.0	25767
2041	2041.0	25884
2042	2042.0	25586
2043	2043.0	25344
2044	2044.0	25531
2045	2045.0	25520
2046	2046.0	25234
2047	2047.0	24131
2048	2048.0	24471
2049	2049.0	25054
2050	2050.0	24539
2051	2051.0	24454
2052	2052.0	23996
2053	2053.0	23965
2054	2054.0	23843
2055	2055.0	23600
2056	2056.0	23302
2057	2057.0	23225
2058	2058.0	22881
2059	2059.0	21983
2060	2060.0	22460
2061	2061.0	22171
2062	2062.0	21628
2063	2063.0	21343
2064	2064.0	21282
2065	2065.0	21141
2066	2066.0	20641
2067	2067.0	20079
2068	2068.0	20076
2069	2069.0	20027
2070	2070.0	19631
2071	2071.0	19549
2072	2072.0	18802
2073	2073.0	18808
2074	2074.0	18557
2075	2075.0	18072
2076	2076.0	17744
2077	2077.0	17610
2078	2078.0	17341
2079	2079.0	17128
2080	2080.0	16560
2081	2081.0	16317
2082	2082.0	15993
2083	2083.0	15617
2084	2084.0	15238
2085	2085.0	15221
2086	2086.0	14839
2087	2087.0	14675
2088	2088.0	14180
2089	2089.0	14049
2090	2090.0	13663
2091	2091.0	13324
2092	2092.0	13121
2093	2093.0	12938
2094	2094.0	12370
2095	2095.0	12394
2096	2096.0	12212
2097	2097.0	11785
2098	2098.0	11575
2099	2099.0	11111
2100	2100.0	11014
2101	2101.0	10871
2102	2102.0	10324
2103	2103.0	10281
2104	2104.0	9893
2105	2105.0	9884
2106	2106.0	9588
2107	2107.0	9286
2108	2108.0	9238
2109	2109.0	8794
2110	2110.0	8779
2111	2111.0	8559
2112	2112.0	8345
2113	2113.0	8175
2114	2114.0	7868
2115	2115.0	7739
2116	2116.0	7550
2117	2117.0	7351
2118	2118.0	7239
2119	2119.0	7080
2120	2120.0	7071
2121	2121.0	6917
2122	2122.0	6565
2123	2123.0	6390
2124	2124.0	6247
2125	2125.0	6262
2126	2126.0	6003
2127	2127.0	5873
2128	2128.0	5819
2129	2129.0	5659
2130	2130.0	5566
2131	2131.0	5307
2132	2132.0	5340
2133	2133.0	5243
2134	2134.0	5109
2135	2135.0	4995
2136	2136.0	4856
2137	2137.0	4826
2138	2138.0	4688
2139	2139.0	4573
2140	2140.0	4515
2141	2141.0	4469
2142	2142.0	4421
2143	2143.0	4370
2144	2144.0	4179
2145	2145.0	4296
2146	2146.0	4173
2147	2147.0	4135
2148	2148.0	4069
2149	2149.0	3877
2150	2150.0	3944
2151	2151.0	3806
2152	2152.0	3821
2153	2153.0	3837
2154	2154.0	3716
2155	2155.0	3743
2156	2156.0	3658
2157	2157.0	3615
2158	2158.0	3520
2159	2159.0	3611
2160	2160.0	3414
2161	2161.0	3507
2162	2162.0	3454
2163	2163.0	3391
2164	2164.0	3386
2165	2165.0	3472
2166	2166.0	3378
2167	2167.0	3360
2168	2168.0	3389
2169	2169.0	3348
2170	2170.0	3282
2171	2171.0	3239
2172	2172.0	3258
2173	2173.0	3317
2174	2174.0	3270
2175	2175.0	3168
2176	2176.0	3218
2177	2177.0	3308
2178	2178.0	3123
2179	2179.0	3294
2180	2180.0	3190
2181	2181.0	3169
2182	2182.0	3083
2183	2183.0	3145
2184	2184.0	3111
2185	2185.0	3242
2186	2186.0	3147
2187	2187.0	3117
2188	2188.0	3221
2189	2189.0	3262
2190	2190.0	3164
2191	2191.0	3101
2192	2192.0	3107
2193	2193.0	3130
2194	2194.0	3139
2195	2195.0	3119
2196	2196.0	3097
2197	2197.0	3128
2198	2198.0	3143
2199	2199.0	3132
2200	2200.0	3134
2201	2201.0	3172
2202	2202.0	3067
2203	2203.0	3122
2204	2204.0	3129
2205	2205.0	3136
2206	2206.0	3125
2207	2207.0	3142
2208	2208.0	3126
2209	2209.0	2976
2210	2210.0	3190
2211	2211.0	3079
2212	2212.0	3155
2213	2213.0	3180
2214	2214.0	3049
2215	2215.0	3096
2216	2216.0	3146
2217	2217.0	3188
2218	2218.0	3181
2219	2219.0	3113
2220	2220.0	3050
2221	2221.0	3059
2222	2222.0	3056
2223	2223.0	3066
2224	2224.0	3028
2225	2225.0	3143
2226	2226.0	3069
2227	2227.0	3019
2228	2228.0	3009
2229	2229.0	3144
2230	2230.0	3081
2231	2231.0	3050
2232	2232.0	3009
2233	2233.0	2966
2234	2234.0	3053
2235	2235.0	2933
2236	2236.0	3061
2237	2237.0	3138
2238	2238.0	3002
2239	2239.0	2985
2240	2240.0	2847
2241	2241.0	2953
2242	2242.0	2935
2243	2243.0	3003
2244	2244.0	2954
2245	2245.0	2857
2246	2246.0	2960
2247	2247.0	2999
2248	2248.0	3011
2249	2249.0	2929
2250	2250.0	2919
2251	2251.0	2876
2252	2252.0	2906
2253	2253.0	2895
2254	2254.0	2890
2255	2255.0	2938
2256	2256.0	2861
2257	2257.0	2837
2258	2258.0	2985
2259	2259.0	2776
2260	2260.0	2827
2261	2261.0	2869
2262	2262.0	2802
2263	2263.0	2729
2264	2264.0	2892
2265	2265.0	2841
2266	2266.0	2891
2267	2267.0	2767
2268	2268.0	2808
2269	2269.0	2770
2270	2270.0	2737
2271	2271.0	2746
2272	2272.0	2803
2273	2273.0	2694
2274	2274.0	2746
2275	2275.0	2756
2276	2276.0	2617
2277	2277.0	2656
2278	2278.0	2640
2279	2279.0	2661
2280	2280.0	2574
2281	2281.0	2772
2282	2282.0	2684
2283	2283.0	2748
2284	2284.0	2634
2285	2285.0	2560
2286	2286.0	2666
2287	2287.0	2646
2288	2288.0	2664
2289	2289.0	2726
2290	2290.0	2539
2291	2291.0	2569
2292	2292.0	2537
2293	2293.0	2539
2294	2294.0	2519
2295	2295.0	2542
2296	2296.0	2574
2297	2297.0	2542
2298	2298.0	2505
2299	2299.0	2483
2300	2300.0	2530
2301	2301.0	2599
2302	2302.0	2487
2303	2303.0	2450
2304	2304.0	2512
2305	2305.0	2487
2306	2306.0	2458
2307	2307.0	2482
2308	2308.0	2552
2309	2309.0	2477
2310	2310.0	2485
2311	2311.0	2446
2312	2312.0	2506
2313	2313.0	2548
2314	2314.0	2466
2315	2315.0	2495
2316	2316.0	2398
2317	2317.0	2525
2318	2318.0	2463
2319	2319.0	2506
2320	2320.0	2373
2321	2321.0	2530
2322	2322.0	2464
2323	2323.0	2448
2324	2324.0	2454
2325	2325.0	2434
2326	2326.0	2512
2327	2327.0	2482
2328	2328.0	2423
2329	2329.0	2456
2330	2330.0	2427
2331	2331.0	2425
2332	2332.0	2412
2333	2333.0	2489
2334	2334.0	2421
2335	2335.0	2438
2336	2336.0	2425
2337	2337.0	2489
2338	2338.0	2363
2339	2339.0	2488
2340	2340.0	2376
2341	2341.0	2579
2342	2342.0	2539
2343	2343.0	2510
2344	2344.0	2457
2345	2345.0	2451
2346	2346.0	2559
2347	2347.0	2499
2348	2348.0	2578
2349	2349.0	2469
2350	2350.0	2492
2351	2351.0	2465
2352	2352.0	2509
2353	2353.0	2513
2354	2354.0	2636
2355	2355.0	2542
2356	2356.0	2628
2357	2357.0	2666
2358	2358.0	2579
2359	2359.0	2604
2360	2360.0	2550
2361	2361.0	2587
2362	2362.0	2556
2363	2363.0	2602
2364	2364.0	2594
2365	2365.0	2692
2366	2366.0	2628
2367	2367.0	2715
2368	2368.0	2625
2369	2369.0	2747
2370	2370.0	2644
2371	2371.0	2700
2372	2372.0	2729
2373	2373.0	2839
2374	2374.0	2803
2375	2375.0	2685
2376	2376.0	2739
2377	2377.0	2792
2378	2378.0	2904
2379	2379.0	2766
2380	2380.0	2841
2381	2381.0	2870
2382	2382.0	2821
2383	2383.0	2795
2384	2384.0	2885
2385	2385.0	2955
2386	2386.0	2850
2387	2387.0	2848
2388	2388.0	2965
2389	2389.0	2980
2390	2390.0	2902
2391	2391.0	3033
2392	2392.0	2971
2393	2393.0	3068
2394	2394.0	2906
2395	2395.0	3008
2396	2396.0	3024
2397	2397.0	3066
2398	2398.0	3038
2399	2399.0	3011
2400	2400.0	3075
2401	2401.0	3159
2402	2402.0	3100
2403	2403.0	3003
2404	2404.0	3158
2405	2405.0	3287
2406	2406.0	3259
2407	2407.0	3296
2408	2408.0	3106
2409	2409.0	3186
2410	2410.0	3205
2411	2411.0	3274
2412	2412.0	3268
2413	2413.0	3281
2414	2414.0	3240
2415	2415.0	3283
2416	2416.0	3261
2417	2417.0	3285
2418	2418.0	3323
2419	2419.0	3252
2420	2420.0	3260
2421	2421.0	3370
2422	2422.0	3367
2423	2423.0	3376
2424	2424.0	3333
2425	2425.0	3421
2426	2426.0	3399
2427	2427.0	3302
2428	2428.0	3327
2429	2429.0	3439
2430	2430.0	3280
2431	2431.0	3340
2432	2432.0	3304
2433	2433.0	3369
2434	2434.0	3374
2435	2435.0	3329
2436	2436.0	3463
2437	2437.0	3371
2438	2438.0	3429
2439	2439.0	3336
2440	2440.0	3337
2441	2441.0	3427
2442	2442.0	3391
2443	2443.0	3318
2444	2444.0	3388
2445	2445.0	3279
2446	2446.0	3370
2447	2447.0	3381
2448	2448.0	3385
2449	2449.0	3434
2450	2450.0	3290
2451	2451.0	3381
2452	2452.0	3350
2453	2453.0	3366
2454	2454.0	3243
2455	2455.0	3324
2456	2456.0	3233
2457	2457.0	3326
2458	2458.0	3312
2459	2459.0	3207
2460	2460.0	3221
2461	2461.0	3290
2462	2462.0	3163
2463	2463.0	3175
2464	2464.0	3192
2465	2465.0	3158
2466	2466.0	3198
2467	2467.0	3282
2468	2468.0	3159
2469	2469.0	3180
2470	2470.0	3153
2471	2471.0	3153
2472	2472.0	2995
2473	2473.0	3088
2474	2474.0	3078
2475	2475.0	3012
2476	2476.0	3035
2477	2477.0	3094
2478	2478.0	3034
2479	2479.0	2992
2480	2480.0	2974
2481	2481.0	3047
2482	2482.0	2948
2483	2483.0	2934
2484	2484.0	2927
2485	2485.0	2885
2486	2486.0	2967
2487	2487.0	2835
2488	2488.0	2901
2489	2489.0	2799
2490	2490.0	2828
2491	2491.0	2747
2492	2492.0	2742
2493	2493.0	2762
2494	2494.0	2666
2495	2495.0	2671
2496	2496.0	2633
2497	2497.0	2659
2498	2498.0	2695
2499	2499.0	2666
2500	2500.0	2519
2501	2501.0	2615
2502	2502.0	2583
2503	2503.0	2485
2504	2504.0	2509
2505	2505.0	2495
2506	2506.0	2479
2507	2507.0	2535
2508	2508.0	2448
2509	2509.0	2501
2510	2510.0	2422
2511	2511.0	2376
2512	2512.0	2478
2513	2513.0	2352
2514	2514.0	2297
2515	2515.0	2323
2516	2516.0	2343
2517	2517.0	2264
2518	2518.0	2266
2519	2519.0	2309
2520	2520.0	2257
2521	2521.0	2206
2522	2522.0	2148
2523	2523.0	2116
2524	2524.0	2254
2525	2525.0	2136
2526	2526.0	2162
2527	2527.0	2163
2528	2528.0	2198
2529	2529.0	2220
2530	2530.0	2062
2531	2531.0	2140
2532	2532.0	2059
2533	2533.0	2066
2534	2534.0	2043
2535	2535.0	2084
2536	2536.0	2011
2537	2537.0	2000
2538	2538.0	2091
2539	2539.0	2021
2540	2540.0	2006
2541	2541.0	1999
2542	2542.0	1962
2543	2543.0	1875
2544	2544.0	2004
2545	2545.0	2017
2546	2546.0	1912
2547	2547.0	1874
2548	2548.0	1848
2549	2549.0	1933
2550	2550.0	1881
2551	2551.0	1913
2552	2552.0	1774
2553	2553.0	1928
2554	2554.0	1897
2555	2555.0	1757
2556	2556.0	1847
2557	2557.0	1731
2558	2558.0	1851
2559	2559.0	1747
2560	2560.0	1762
2561	2561.0	1784
2562	2562.0	1866
2563	2563.0	1741
2564	2564.0	1730
2565	2565.0	1807
2566	2566.0	1708
2567	2567.0	1786
2568	2568.0	1719
2569	2569.0	1736
2570	2570.0	1735
2571	2571.0	1624
2572	2572.0	1680
2573	2573.0	1731
2574	2574.0	1693
2575	2575.0	1727
2576	2576.0	1655
2577	2577.0	1642
2578	2578.0	1636
2579	2579.0	1641
2580	2580.0	1647
2581	2581.0	1655
2582	2582.0	1546
2583	2583.0	1688
2584	2584.0	1618
2585	2585.0	1592
2586	2586.0	1597
2587	2587.0	1652
2588	2588.0	1595
2589	2589.0	1665
2590	2590.0	1695
2591	2591.0	1663
2592	2592.0	1632
2593	2593.0	1554
2594	2594.0	1587
2595	2595.0	1547
2596	2596.0	1516
2597	2597.0	1522
2598	2598.0	1620
2599	2599.0	1541
2600	2600.0	1552
2601	2601.0	1504
2602	2602.0	1544
2603	2603.0	1587
2604	2604.0	1614
2605	2605.0	1527
2606	2606.0	1541
2607	2607.0	1497
2608	2608.0	1497
2609	2609.0	1528
2610	2610.0	1490
2611	2611.0	1477
2612	2612.0	1514
2613	2613.0	1521
2614	2614.0	1550
2615	2615.0	1519
2616	2616.0	1499
2617	2617.0	1499
2618	2618.0	1577
2619	2619.0	1451
2620	2620.0	1481
2621	2621.0	1444
2622	2622.0	1447
2623	2623.0	1430
2624	2624.0	1416
2625	2625.0	1379
2626	2626.0	1440
2627	2627.0	1494
2628	2628.0	1424
2629	2629.0	1426
2630	2630.0	1390
2631	2631.0	1442
2632	2632.0	1437
2633	2633.0	1439
2634	2634.0	1422
2635	2635.0	1400
2636	2636.0	1383
2637	2637.0	1437
2638	2638.0	1405
2639	2639.0	1408
2640	2640.0	1436
2641	2641.0	1446
2642	2642.0	1396
2643	2643.0	1429
2644	2644.0	1410
2645	2645.0	1350
2646	2646.0	1396
2647	2647.0	1367
2648	2648.0	1388
2649	2649.0	1382
2650	2650.0	1366
2651	2651.0	1368
2652	2652.0	1413
2653	2653.0	1330
2654	2654.0	1384
2655	2655.0	1398
2656	2656.0	1316
2657	2657.0	1367
2658	2658.0	1319
2659	2659.0	1342
2660	2660.0	1354
2661	2661.0	1360
2662	2662.0	1352
2663	2663.0	1334
2664	2664.0	1225
2665	2665.0	1313
2666	2666.0	1316
2667	2667.0	1286
2668	2668.0	1372
2669	2669.0	1380
2670	2670.0	1353
2671	2671.0	1320
2672	2672.0	1286
2673	2673.0	1367
2674	2674.0	1257
2675	2675.0	1322
2676	2676.0	1316
2677	2677.0	1285
2678	2678.0	1294
2679	2679.0	1339
2680	2680.0	1313
2681	2681.0	1303
2682	2682.0	1290
2683	2683.0	1282
2684	2684.0	1318
2685	2685.0	1320
2686	2686.0	1235
2687	2687.0	1233
2688	2688.0	1283
2689	2689.0	1258
2690	2690.0	1257
2691	2691.0	1335
2692	2692.0	1270
2693	2693.0	1280
2694	2694.0	1239
2695	2695.0	1247
2696	2696.0	1335
2697	2697.0	1259
2698	2698.0	1356
2699	2699.0	1248
2700	2700.0	1224
2701	2701.0	1223
2702	2702.0	1304
2703	2703.0	1292
2704	2704.0	1294
2705	2705.0	1290
2706	2706.0	1235
2707	2707.0	1324
2708	2708.0	1285
2709	2709.0	1241
2710	2710.0	1243
2711	2711.0	1248
2712	2712.0	1300
2713	2713.0	1294
2714	2714.0	1284
2715	2715.0	1212
2716	2716.0	1281
2717	2717.0	1338
2718	2718.0	1222
2719	2719.0	1226
2720	2720.0	1221
2721	2721.0	1247
2722	2722.0	1217
2723	2723.0	1206
2724	2724.0	1223
2725	2725.0	1187
2726	2726.0	1220
2727	2727.0	1264
2728	2728.0	1214
2729	2729.0	1281
2730	2730.0	1238
2731	2731.0	1190
2732	2732.0	1261
2733	2733.0	1259
2734	2734.0	1267
2735	2735.0	1242
2736	2736.0	1248
2737	2737.0	1264
2738	2738.0	1227
2739	2739.0	1269
2740	2740.0	1207
2741	2741.0	1259
2742	2742.0	1256
2743	2743.0	1237
2744	2744.0	1176
2745	2745.0	1264
2746	2746.0	1260
2747	2747.0	1207
2748	2748.0	1284
2749	2749.0	1247
2750	2750.0	1276
2751	2751.0	1264
2752	2752.0	1175
2753	2753.0	1222
2754	2754.0	1277
2755	2755.0	1238
2756	2756.0	1289
2757	2757.0	1217
2758	2758.0	1264
2759	2759.0	1191
2760	2760.0	1216
2761	2761.0	1255
2762	2762.0	1282
2763	2763.0	1208
2764	2764.0	1244
2765	2765.0	1277
2766	2766.0	1259
2767	2767.0	1251
2768	2768.0	1255
2769	2769.0	1284
2770	2770.0	1227
2771	2771.0	1282
2772	2772.0	1312
2773	2773.0	1268
2774	2774.0	1342
2775	2775.0	1266
2776	2776.0	1227
2777	2777.0	1252
2778	2778.0	1268
2779	2779.0	1327
2780	2780.0	1268
2781	2781.0	1301
2782	2782.0	1238
2783	2783.0	1300
2784	2784.0	1311
2785	2785.0	1321
2786	2786.0	1279
2787	2787.0	1287
2788	2788.0	1282
2789	2789.0	1353
2790	2790.0	1329
2791	2791.0	1373
2792	2792.0	1286
2793	2793.0	1317
2794	2794.0	1336
2795	2795.0	1348
2796	2796.0	1326
2797	2797.0	1301
2798	2798.0	1332
2799	2799.0	1288
2800	2800.0	1282
2801	2801.0	1286
2802	2802.0	1271
2803	2803.0	1356
2804	2804.0	1312
2805	2805.0	1338
2806	2806.0	1296
2807	2807.0	1316
2808	2808.0	1378
2809	2809.0	1383
2810	2810.0	1306
2811	2811.0	1333
2812	2812.0	1373
2813	2813.0	1277
2814	2814.0	1387
2815	2815.0	1319
2816	2816.0	1397
2817	2817.0	1404
2818	2818.0	1334
2819	2819.0	1373
2820	2820.0	1397
2821	2821.0	1383
2822	2822.0	1372
2823	2823.0	1391
2824	2824.0	1350
2825	2825.0	1367
2826	2826.0	1431
2827	2827.0	1419
2828	2828.0	1472
2829	2829.0	1476
2830	2830.0	1443
2831	2831.0	1448
2832	2832.0	1470
2833	2833.0	1542
2834	2834.0	1482
2835	2835.0	1487
2836	2836.0	1410
2837	2837.0	1472
2838	2838.0	1436
2839	2839.0	1439
2840	2840.0	1495
2841	2841.0	1529
2842	2842.0	1540
2843	2843.0	1474
2844	2844.0	1470
2845	2845.0	1554
2846	2846.0	1577
2847	2847.0	1493
2848	2848.0	1459
2849	2849.0	1610
2850	2850.0	1601
2851	2851.0	1566
2852	2852.0	1606
2853	2853.0	1519
2854	2854.0	1509
2855	2855.0	1543
2856	2856.0	1550
2857	2857.0	1666
2858	2858.0	1626
2859	2859.0	1642
2860	2860.0	1679
2861	2861.0	1639
2862	2862.0	1621
2863	2863.0	1665
2864	2864.0	1647
2865	2865.0	1661
2866	2866.0	1657
2867	2867.0	1672
2868	2868.0	1677
2869	2869.0	1706
2870	2870.0	1708
2871	2871.0	1701
2872	2872.0	1762
2873	2873.0	1644
2874	2874.0	1729
2875	2875.0	1760
2876	2876.0	1679
2877	2877.0	1699
2878	2878.0	1758
2879	2879.0	1748
2880	2880.0	1764
2881	2881.0	1730
2882	2882.0	1790
2883	2883.0	1787
2884	2884.0	1804
2885	2885.0	1804
2886	2886.0	1750
2887	2887.0	1830
2888	2888.0	1789
2889	2889.0	1856
2890	2890.0	1799
2891	2891.0	1786
2892	2892.0	1807
2893	2893.0	1894
2894	2894.0	1927
2895	2895.0	1888
2896	2896.0	1886
2897	2897.0	1995
2898	2898.0	1891
2899	2899.0	1892
2900	2900.0	1935
2901	2901.0	1879
2902	2902.0	1914
2903	2903.0	1897
2904	2904.0	1947
2905	2905.0	1951
2906	2906.0	1952
2907	2907.0	1978
2908	2908.0	1985
2909	2909.0	1936
2910	2910.0	1941
2911	2911.0	2051
2912	2912.0	1917
2913	2913.0	2004
2914	2914.0	1999
2915	2915.0	2045
2916	2916.0	1908
2917	2917.0	1945
2918	2918.0	2026
2919	2919.0	1999
2920	2920.0	1960
2921	2921.0	2042
2922	2922.0	1967
2923	2923.0	2032
2924	2924.0	1985
2925	2925.0	2094
2926	2926.0	2092
2927	2927.0	2063
2928	2928.0	2016
2929	2929.0	2044
2930	2930.0	2036
2931	2931.0	2051
2932	2932.0	2064
2933	2933.0	2078
2934	2934.0	1944
2935	2935.0	1996
2936	2936.0	2029
2937	2937.0	2059
2938	2938.0	2074
2939	2939.0	2006
2940	2940.0	2051
2941	2941.0	2096
2942	2942.0	2010
2943	2943.0	2070
2944	2944.0	2023
2945	2945.0	2063
2946	2946.0	2088
2947	2947.0	1974
2948	2948.0	2111
2949	2949.0	2123
2950	2950.0	2092
2951	2951.0	2084
2952	2952.0	2073
2953	2953.0	2062
2954	2954.0	2079
2955	2955.0	1947
2956	2956.0	2133
2957	2957.0	2128
2958	2958.0	2002
2959	2959.0	2038
2960	2960.0	2085
2961	2961.0	2073
2962	2962.0	2086
2963	2963.0	2081
2964	2964.0	2098
2965	2965.0	2054
2966	2966.0	2074
2967	2967.0	2085
2968	2968.0	2008
2969	2969.0	2072
2970	2970.0	2020
2971	2971.0	1936
2972	2972.0	1989
2973	2973.0	2041
2974	2974.0	2036
2975	2975.0	2018
2976	2976.0	2000
2977	2977.0	2006
2978	2978.0	2014
2979	2979.0	1989
2980	2980.0	2018
2981	2981.0	2017
2982	2982.0	1956
2983	2983.0	1945
2984	2984.0	2016
2985	2985.0	2038
2986	2986.0	2019
2987	2987.0	1976
2988	2988.0	2011
2989	2989.0	2047
2990	2990.0	2003
2991	2991.0	1907
2992	2992.0	2056
2993	2993.0	1992
2994	2994.0	1933
2995	2995.0	1870
2996	2996.0	1934
2997	2997.0	2075
2998	2998.0	1967
2999	2999.0	1888
3000	3000.0	1894
3001	3001.0	1879
3002	3002.0	1989
3003	3003.0	1859
3004	3004.0	1921
3005	3005.0	1948
3006	3006.0	1943
3007	3007.0	1944
3008	3008.0	1942
3009	3009.0	1926
3010	3010.0	1909
3011	3011.0	1904
3012	3012.0	1917
3013	3013.0	1893
3014	3014.0	1929
3015	3015.0	1904
3016	3016.0	1948
3017	3017.0	1888
3018	3018.0	1859
3019	3019.0	1837
3020	3020.0	1789
3021	3021.0	1939
3022	3022.0	1779
3023	3023.0	1916
3024	3024.0	1832
3025	3025.0	1847
3026	3026.0	1871
3027	3027.0	1762
3028	3028.0	1886
3029	3029.0	1852
3030	3030.0	1854
3031	3031.0	1783
3032	3032.0	1756
3033	3033.0	1784
3034	3034.0	1752
3035	3035.0	1796
3036	3036.0	1830
3037	3037.0	1835
3038	3038.0	1742
3039	3039.0	1739
3040	3040.0	1874
3041	3041.0	1821
3042	3042.0	1790
3043	3043.0	1798
3044	3044.0	1755
3045	3045.0	1883
3046	3046.0	1763
3047	3047.0	1734
3048	3048.0	1778
3049	3049.0	1791
3050	3050.0	1771
3051	3051.0	1718
3052	3052.0	1849
3053	3053.0	1794
3054	3054.0	1756
3055	3055.0	1707
3056	3056.0	1702
3057	3057.0	1726
3058	3058.0	1688
3059	3059.0	1689
3060	3060.0	1806
3061	3061.0	1750
3062	3062.0	1739
3063	3063.0	1708
3064	3064.0	1693
3065	3065.0	1720
3066	3066.0	1732
3067	3067.0	1702
3068	3068.0	1722
3069	3069.0	1712
3070	3070.0	1693
3071	3071.0	1658
3072	3072.0	1700
3073	3073.0	1728
3074	3074.0	1671
3075	3075.0	1666
3076	3076.0	1759
3077	3077.0	1690
3078	3078.0	1654
3079	3079.0	1676
3080	3080.0	1689
3081	3081.0	1592
3082	3082.0	1692
3083	3083.0	1671
3084	3084.0	1681
3085	3085.0	1640
3086	3086.0	1619
3087	3087.0	1611
3088	3088.0	1559
3089	3089.0	1617
3090	3090.0	1594
3091	3091.0	1557
3092	3092.0	1634
3093	3093.0	1612
3094	3094.0	1644
3095	3095.0	1561
3096	3096.0	1580
3097	3097.0	1622
3098	3098.0	1565
3099	3099.0	1587
3100	3100.0	1518
3101	3101.0	1585
3102	3102.0	1496
3103	3103.0	1529
3104	3104.0	1595
3105	3105.0	1519
3106	3106.0	1550
3107	3107.0	1539
3108	3108.0	1634
3109	3109.0	1606
3110	3110.0	1551
3111	3111.0	1510
3112	3112.0	1561
3113	3113.0	1520
3114	3114.0	1538
3115	3115.0	1484
3116	3116.0	1508
3117	3117.0	1504
3118	3118.0	1455
3119	3119.0	1517
3120	3120.0	1500
3121	3121.0	1478
3122	3122.0	1453
3123	3123.0	1448
3124	3124.0	1436
3125	3125.0	1377
3126	3126.0	1441
3127	3127.0	1417
3128	3128.0	1412
3129	3129.0	1484
3130	3130.0	1464
3131	3131.0	1380
3132	3132.0	1433
3133	3133.0	1378
3134	3134.0	1389
3135	3135.0	1433
3136	3136.0	1392
3137	3137.0	1400
3138	3138.0	1405
3139	3139.0	1319
3140	3140.0	1422
3141	3141.0	1376
3142	3142.0	1342
3143	3143.0	1373
3144	3144.0	1364
3145	3145.0	1376
3146	3146.0	1315
3147	3147.0	1302
3148	3148.0	1330
3149	3149.0	1393
3150	3150.0	1307
3151	3151.0	1360
3152	3152.0	1293
3153	3153.0	1357
3154	3154.0	1324
3155	3155.0	1236
3156	3156.0	1309
3157	3157.0	1285
3158	3158.0	1298
3159	3159.0	1287
3160	3160.0	1270
3161	3161.0	1298
3162	3162.0	1336
3163	3163.0	1286
3164	3164.0	1182
3165	3165.0	1218
3166	3166.0	1200
3167	3167.0	1243
3168	3168.0	1250
3169	3169.0	1217
3170	3170.0	1276
3171	3171.0	1253
3172	3172.0	1295
3173	3173.0	1298
3174	3174.0	1258
3175	3175.0	1177
3176	3176.0	1287
3177	3177.0	1167
3178	3178.0	1262
3179	3179.0	1215
3180	3180.0	1258
3181	3181.0	1168
3182	3182.0	1194
3183	3183.0	1215
3184	3184.0	1194
3185	3185.0	1161
3186	3186.0	1189
3187	3187.0	1165
3188	3188.0	1146
3189	3189.0	1158
3190	3190.0	1161
3191	3191.0	1189
3192	3192.0	1151
3193	3193.0	1156
3194	3194.0	1191
3195	3195.0	1136
3196	3196.0	1209
3197	3197.0	1153
3198	3198.0	1140
3199	3199.0	1164
3200	3200.0	1088
3201	3201.0	1123
3202	3202.0	1179
3203	3203.0	1103
3204	3204.0	1128
3205	3205.0	1115
3206	3206.0	1076
3207	3207.0	1112
3208	3208.0	1128
3209	3209.0	1167
3210	3210.0	1083
3211	3211.0	1088
3212	3212.0	1081
3213	3213.0	1084
3214	3214.0	1102
3215	3215.0	1096
3216	3216.0	1125
3217	3217.0	1023
3218	3218.0	1099
3219	3219.0	1054
3220	3220.0	1070
3221	3221.0	1050
3222	3222.0	1104
3223	3223.0	1069
3224	3224.0	1091
3225	3225.0	1031
3226	3226.0	1035
3227	3227.0	1090
3228	3228.0	1054
3229	3229.0	1017
3230	3230.0	1004
3231	3231.0	952
3232	3232.0	1064
3233	3233.0	1033
3234	3234.0	1030
3235	3235.0	1001
3236	3236.0	1040
3237	3237.0	977
3238	3238.0	1080
3239	3239.0	1014
3240	3240.0	994
3241	3241.0	998
3242	3242.0	1068
3243	3243.0	946
3244	3244.0	996
3245	3245.0	1060
3246	3246.0	1007
3247	3247.0	969
3248	3248.0	935
3249	3249.0	1012
3250	3250.0	946
3251	3251.0	966
3252	3252.0	987
3253	3253.0	977
3254	3254.0	954
3255	3255.0	964
3256	3256.0	970
3257	3257.0	933
3258	3258.0	958
3259	3259.0	925
3260	3260.0	983
3261	3261.0	972
3262	3262.0	882
3263	3263.0	931
3264	3264.0	904
3265	3265.0	921
3266	3266.0	929
3267	3267.0	912
3268	3268.0	914
3269	3269.0	968
3270	3270.0	945
3271	3271.0	904
3272	3272.0	928
3273	3273.0	933
3274	3274.0	866
3275	3275.0	906
3276	3276.0	887
3277	3277.0	888
3278	3278.0	923
3279	3279.0	873
3280	3280.0	841
3281	3281.0	879
3282	3282.0	877
3283	3283.0	866
3284	3284.0	872
3285	3285.0	920
3286	3286.0	875
3287	3287.0	863
3288	3288.0	835
3289	3289.0	911
3290	3290.0	877
3291	3291.0	858
3292	3292.0	896
3293	3293.0	887
3294	3294.0	814
3295	3295.0	880
3296	3296.0	835
3297	3297.0	825
3298	3298.0	842
3299	3299.0	842
3300	3300.0	805
3301	3301.0	823
3302	3302.0	815
3303	3303.0	833
3304	3304.0	840
3305	3305.0	832
3306	3306.0	805
3307	3307.0	834
3308	3308.0	814
3309	3309.0	830
3310	3310.0	838
3311	3311.0	763
3312	3312.0	777
3313	3313.0	796
3314	3314.0	815
3315	3315.0	773
3316	3316.0	837
3317	3317.0	832
3318	3318.0	803
3319	3319.0	777
3320	3320.0	811
3321	3321.0	838
3322	3322.0	754
3323	3323.0	820
3324	3324.0	781
3325	3325.0	792
3326	3326.0	739
3327	3327.0	800
3328	3328.0	788
3329	3329.0	810
3330	3330.0	792
3331	3331.0	780
3332	3332.0	796
3333	3333.0	815
3334	3334.0	778
3335	3335.0	794
3336	3336.0	723
3337	3337.0	802
3338	3338.0	808
3339	3339.0	773
3340	3340.0	790
3341	3341.0	772
3342	3342.0	734
3343	3343.0	805
3344	3344.0	760
3345	3345.0	755
3346	3346.0	758
3347	3347.0	773
3348	3348.0	791
3349	3349.0	741
3350	3350.0	804
3351	3351.0	762
3352	3352.0	767
3353	3353.0	774
3354	3354.0	829
3355	3355.0	746
3356	3356.0	790
3357	3357.0	764
3358	3358.0	774
3359	3359.0	740
3360	3360.0	786
3361	3361.0	781
3362	3362.0	750
3363	3363.0	785
3364	3364.0	700
3365	3365.0	837
3366	3366.0	804
3367	3367.0	777
3368	3368.0	790
3369	3369.0	775
3370	3370.0	759
3371	3371.0	789
3372	3372.0	783
3373	3373.0	802
3374	3374.0	777
3375	3375.0	763
3376	3376.0	809
3377	3377.0	810
3378	3378.0	815
3379	3379.0	736
3380	3380.0	754
3381	3381.0	813
3382	3382.0	760
3383	3383.0	800
3384	3384.0	816
3385	3385.0	753
3386	3386.0	783
3387	3387.0	828
3388	3388.0	795
3389	3389.0	755
3390	3390.0	798
3391	3391.0	776
3392	3392.0	839
3393	3393.0	782
3394	3394.0	811
3395	3395.0	831
3396	3396.0	814
3397	3397.0	817
3398	3398.0	839
3399	3399.0	750
3400	3400.0	786
3401	3401.0	766
3402	3402.0	770
3403	3403.0	827
3404	3404.0	766
3405	3405.0	891
3406	3406.0	795
3407	3407.0	765
3408	3408.0	786
3409	3409.0	848
3410	3410.0	835
3411	3411.0	835
3412	3412.0	845
3413	3413.0	801
3414	3414.0	791
3415	3415.0	862
3416	3416.0	798
3417	3417.0	844
3418	3418.0	911
3419	3419.0	854
3420	3420.0	866
3421	3421.0	908
3422	3422.0	845
3423	3423.0	863
3424	3424.0	812
3425	3425.0	868
3426	3426.0	861
3427	3427.0	854
3428	3428.0	884
3429	3429.0	895
3430	3430.0	868
3431	3431.0	863
3432	3432.0	868
3433	3433.0	879
3434	3434.0	891
3435	3435.0	921
3436	3436.0	896
3437	3437.0	898
3438	3438.0	918
3439	3439.0	922
3440	3440.0	944
3441	3441.0	1002
3442	3442.0	940
3443	3443.0	957
3444	3444.0	1028
3445	3445.0	971
3446	3446.0	947
3447	3447.0	1002
3448	3448.0	990
3449	3449.0	1003
3450	3450.0	1015
3451	3451.0	959
3452	3452.0	976
3453	3453.0	1055
3454	3454.0	998
3455	3455.0	993
3456	3456.0	1047
3457	3457.0	1063
3458	3458.0	1062
3459	3459.0	996
3460	3460.0	1066
3461	3461.0	1131
3462	3462.0	1050
3463	3463.0	1045
3464	3464.0	1073
3465	3465.0	1107
3466	3466.0	1100
3467	3467.0	1122
3468	3468.0	1173
3469	3469.0	1144
3470	3470.0	1133
3471	3471.0	1169
3472	3472.0	1168
3473	3473.0	1170
3474	3474.0	1193
3475	3475.0	1206
3476	3476.0	1195
3477	3477.0	1191
3478	3478.0	1176
3479	3479.0	1214
3480	3480.0	1275
3481	3481.0	1272
3482	3482.0	1271
3483	3483.0	1289
3484	3484.0	1305
3485	3485.0	1343
3486	3486.0	1313
3487	3487.0	1323
3488	3488.0	1324
3489	3489.0	1402
3490	3490.0	1459
3491	3491.0	1386
3492	3492.0	1391
3493	3493.0	1435
3494	3494.0	1449
3495	3495.0	1409
3496	3496.0	1484
3497	3497.0	1520
3498	3498.0	1574
3499	3499.0	1542
3500	3500.0	1537
3501	3501.0	1637
3502	3502.0	1627
3503	3503.0	1563
3504	3504.0	1607
3505	3505.0	1653
3506	3506.0	1619
3507	3507.0	1683
3508	3508.0	1744
3509	3509.0	1720
3510	3510.0	1747
3511	3511.0	1694
3512	3512.0	1770
3513	3513.0	1779
3514	3514.0	1817
3515	3515.0	1806
3516	3516.0	1860
3517	3517.0	1851
3518	3518.0	1905
3519	3519.0	1859
3520	3520.0	1877
3521	3521.0	1965
3522	3522.0	2032
3523	3523.0	2003
3524	3524.0	2022
3525	3525.0	2006
3526	3526.0	2052
3527	3527.0	2083
3528	3528.0	2126
3529	3529.0	2109
3530	3530.0	2155
3531	3531.0	2183
3532	3532.0	2289
3533	3533.0	2278
3534	3534.0	2309
3535	3535.0	2225
3536	3536.0	2390
3537	3537.0	2251
3538	3538.0	2417
3539	3539.0	2235
3540	3540.0	2417
3541	3541.0	2413
3542	3542.0	2436
3543	3543.0	2436
3544	3544.0	2455
3545	3545.0	2560
3546	3546.0	2529
3547	3547.0	2520
3548	3548.0	2589
3549	3549.0	2680
3550	3550.0	2657
3551	3551.0	2591
3552	3552.0	2645
3553	3553.0	2658
3554	3554.0	2815
3555	3555.0	2760
3556	3556.0	2828
3557	3557.0	2764
3558	3558.0	2979
3559	3559.0	2726
3560	3560.0	2841
3561	3561.0	2913
3562	3562.0	2835
3563	3563.0	2851
3564	3564.0	2926
3565	3565.0	2963
3566	3566.0	3039
3567	3567.0	2956
3568	3568.0	3030
3569	3569.0	3032
3570	3570.0	3031
3571	3571.0	3063
3572	3572.0	3087
3573	3573.0	3221
3574	3574.0	3121
3575	3575.0	3196
3576	3576.0	3164
3577	3577.0	3250
3578	3578.0	3234
3579	3579.0	3261
3580	3580.0	3281
3581	3581.0	3237
3582	3582.0	3277
3583	3583.0	3249
3584	3584.0	3201
3585	3585.0	3362
3586	3586.0	3266
3587	3587.0	3299
3588	3588.0	3377
3589	3589.0	3278
3590	3590.0	3297
3591	3591.0	3386
3592	3592.0	3424
3593	3593.0	3425
3594	3594.0	3469
3595	3595.0	3354
3596	3596.0	3481
3597	3597.0	3525
3598	3598.0	3530
3599	3599.0	3404
3600	3600.0	3438
3601	3601.0	3499
3602	3602.0	3525
3603	3603.0	3368
3604	3604.0	3460
3605	3605.0	3490
3606	3606.0	3403
3607	3607.0	3427
3608	3608.0	3563
3609	3609.0	3514
3610	3610.0	3474
3611	3611.0	3498
3612	3612.0	3469
3613	3613.0	3467
3614	3614.0	3467
3615	3615.0	3461
3616	3616.0	3470
3617	3617.0	3509
3618	3618.0	3437
3619	3619.0	3427
3620	3620.0	3456
3621	3621.0	3618
3622	3622.0	3421
3623	3623.0	3410
3624	3624.0	3457
3625	3625.0	3459
3626	3626.0	3388
3627	3627.0	3479
3628	3628.0	3440
3629	3629.0	3531
3630	3630.0	3392
3631	3631.0	3409
3632	3632.0	3384
3633	3633.0	3363
3634	3634.0	3341
3635	3635.0	3210
3636	3636.0	3367
3637	3637.0	3267
3638	3638.0	3326
3639	3639.0	3219
3640	3640.0	3172
3641	3641.0	3282
3642	3642.0	3243
3643	3643.0	3069
3644	3644.0	3120
3645	3645.0	3168
3646	3646.0	3166
3647	3647.0	3112
3648	3648.0	3154
3649	3649.0	2989
3650	3650.0	3085
3651	3651.0	2980
3652	3652.0	2962
3653	3653.0	3018
3654	3654.0	2945
3655	3655.0	2914
3656	3656.0	2881
3657	3657.0	2917
3658	3658.0	2859
3659	3659.0	2754
3660	3660.0	2798
3661	3661.0	2806
3662	3662.0	2722
3663	3663.0	2695
3664	3664.0	2698
3665	3665.0	2762
3666	3666.0	2658
3667	3667.0	2627
3668	3668.0	2617
3669	3669.0	2625
3670	3670.0	2698
3671	3671.0	2539
3672	3672.0	2443
3673	3673.0	2444
3674	3674.0	2489
3675	3675.0	2417
3676	3676.0	2322
3677	3677.0	2368
3678	3678.0	2372
3679	3679.0	2285
3680	3680.0	2356
3681	3681.0	2180
3682	3682.0	2146
3683	3683.0	2071
3684	3684.0	2153
3685	3685.0	2165
3686	3686.0	2196
3687	3687.0	2087
3688	3688.0	2198
3689	3689.0	2056
3690	3690.0	1949
3691	3691.0	2031
3692	3692.0	1884
3693	3693.0	1920
3694	3694.0	1787
3695	3695.0	1835
3696	3696.0	1897
3697	3697.0	1791
3698	3698.0	1806
3699	3699.0	1766
3700	3700.0	1665
3701	3701.0	1665
3702	3702.0	1661
3703	3703.0	1720
3704	3704.0	1620
3705	3705.0	1596
3706	3706.0	1556
3707	3707.0	1540
3708	3708.0	1536
3709	3709.0	1533
3710	3710.0	1433
3711	3711.0	1444
3712	3712.0	1419
3713	3713.0	1419
3714	3714.0	1352
3715	3715.0	1351
3716	3716.0	1325
3717	3717.0	1264
3718	3718.0	1276
3719	3719.0	1136
3720	3720.0	1224
3721	3721.0	1305
3722	3722.0	1185
3723	3723.0	1121
3724	3724.0	1140
3725	3725.0	1120
3726	3726.0	1068
3727	3727.0	1056
3728	3728.0	988
3729	3729.0	1012
3730	3730.0	1014
3731	3731.0	914
3732	3732.0	1012
3733	3733.0	949
3734	3734.0	881
3735	3735.0	918
3736	3736.0	867
3737	3737.0	885
3738	3738.0	830
3739	3739.0	859
3740	3740.0	822
3741	3741.0	811
3742	3742.0	781
3743	3743.0	746
3744	3744.0	767
3745	3745.0	729
3746	3746.0	743
3747	3747.0	767
3748	3748.0	673
3749	3749.0	683
3750	3750.0	701
3751	3751.0	651
3752	3752.0	651
3753	3753.0	602
3754	3754.0	592
3755	3755.0	561
3756	3756.0	584
3757	3757.0	563
3758	3758.0	527
3759	3759.0	520
3760	3760.0	533
3761	3761.0	522
3762	3762.0	512
3763	3763.0	471
3764	3764.0	470
3765	3765.0	483
3766	3766.0	439
3767	3767.0	451
3768	3768.0	429
3769	3769.0	470
3770	3770.0	431
3771	3771.0	414
3772	3772.0	398
3773	3773.0	401
3774	3774.0	379
3775	3775.0	395
3776	3776.0	364
3777	3777.0	385
3778	3778.0	361
3779	3779.0	354
3780	3780.0	330
3781	3781.0	305
3782	3782.0	305
3783	3783.0	302
3784	3784.0	269
3785	3785.0	339
3786	3786.0	270
3787	3787.0	291
3788	3788.0	273
3789	3789.0	268
3790	3790.0	296
3791	3791.0	274
3792	3792.0	259
3793	3793.0	252
3794	3794.0	242
3795	3795.0	211
3796	3796.0	219
3797	3797.0	263
3798	3798.0	197
3799	3799.0	219
3800	3800.0	212
3801	3801.0	197
3802	3802.0	228
3803	3803.0	230
3804	3804.0	205
3805	3805.0	192
3806	3806.0	202
3807	3807.0	203
3808	3808.0	182
3809	3809.0	188
3810	3810.0	176
3811	3811.0	173
3812	3812.0	180
3813	3813.0	146
3814	3814.0	170
3815	3815.0	169
3816	3816.0	189
3817	3817.0	178
3818	3818.0	157
3819	3819.0	167
3820	3820.0	159
3821	3821.0	150
3822	3822.0	158
3823	3823.0	152
3824	3824.0	161
3825	3825.0	147
3826	3826.0	136
3827	3827.0	153
3828	3828.0	149
3829	3829.0	154
3830	3830.0	143
3831	3831.0	140
3832	3832.0	146
3833	3833.0	128
3834	3834.0	139
3835	3835.0	151
3836	3836.0	116
3837	3837.0	122
3838	3838.0	118
3839	3839.0	110
3840	3840.0	135
3841	3841.0	106
3842	3842.0	126
3843	3843.0	121
3844	3844.0	107
3845	3845.0	117
3846	3846.0	138
3847	3847.0	104
3848	3848.0	124
3849	3849.0	101
3850	3850.0	118
3851	3851.0	100
3852	3852.0	94
3853	3853.0	107
3854	3854.0	107
3855	3855.0	109
3856	3856.0	109
3857	3857.0	141
3858	3858.0	115
3859	3859.0	93
3860	3860.0	104
3861	3861.0	122
3862	3862.0	95
3863	3863.0	122
3864	3864.0	108
3865	3865.0	106
3866	3866.0	106
3867	3867.0	100
3868	3868.0	118
3869	3869.0	99
3870	3870.0	89
3871	3871.0	117
3872	3872.0	93
3873	3873.0	96
3874	3874.0	106
3875	3875.0	85
3876	3876.0	106
3877	3877.0	81
3878	3878.0	102
3879	3879.0	97
3880	3880.0	106
3881	3881.0	111
3882	3882.0	97
3883	3883.0	117
3884	3884.0	86
3885	3885.0	106
3886	3886.0	94
3887	3887.0	89
3888	3888.0	96
3889	3889.0	93
3890	3890.0	110
3891	3891.0	106
3892	3892.0	99
3893	3893.0	106
3894	3894.0	106
3895	3895.0	97
3896	3896.0	99
3897	3897.0	95
3898	3898.0	104
3899	3899.0	92
3900	3900.0	99
3901	3901.0	112
3902	3902.0	94
3903	3903.0	91
3904	3904.0	104
3905	3905.0	104
3906	3906.0	113
3907	3907.0	112
3908	3908.0	100
3909	3909.0	113
3910	3910.0	73
3911	3911.0	97
3912	3912.0	106
3913	3913.0	104
3914	3914.0	108
3915	3915.0	105
3916	3916.0	96
3917	3917.0	104
3918	3918.0	100
3919	3919.0	92
3920	3920.0	94
3921	3921.0	97
3922	3922.0	105
3923	3923.0	94
3924	3924.0	94
3925	3925.0	91
3926	3926.0	78
3927	3927.0	84
3928	3928.0	100
3929	3929.0	83
3930	3930.0	115
3931	3931.0	102
3932	3932.0	92
3933	3933.0	98
3934	3934.0	95
3935	3935.0	91
3936	3936.0	110
3937	3937.0	84
3938	3938.0	97
3939	3939.0	92
3940	3940.0	79
3941	3941.0	80
3942	3942.0	85
3943	3943.0	77
3944	3944.0	99
3945	3945.0	88
3946	3946.0	86
3947	3947.0	88
3948	3948.0	78
3949	3949.0	91
3950	3950.0	88
3951	3951.0	85
3952	3952.0	80
3953	3953.0	88
3954	3954.0	107
3955	3955.0	82
3956	3956.0	98
3957	3957.0	93
3958	3958.0	86
3959	3959.0	90
3960	3960.0	88
3961	3961.0	82
3962	3962.0	100
3963	3963.0	79
3964	3964.0	119
3965	3965.0	92
3966	3966.0	83
3967	3967.0	107
3968	3968.0	103
3969	3969.0	111
3970	3970.0	87
3971	3971.0	99
3972	3972.0	99
3973	3973.0	75
3974	3974.0	107
3975	3975.0	89
3976	3976.0	93
3977	3977.0	97
3978	3978.0	84
3979	3979.0	99
3980	3980.0	87
3981	3981.0	81
3982	3982.0	102
3983	3983.0	83
3984	3984.0	82
3985	3985.0	77
3986	3986.0	91
3987	3987.0	83
3988	3988.0	100
3989	3989.0	114
3990	3990.0	86
3991	3991.0	92
3992	3992.0	97
3993	3993.0	74
3994	3994.0	93
3995	3995.0	68
3996	3996.0	72
3997	3997.0	87
3998	3998.0	93
3999	3999.0	108
4000	4000.0	95
4001	4001.0	79
4002	4002.0	96
4003	4003.0	102
4004	4004.0	87
4005	4005.0	81
4006	4006.0	91
4007	4007.0	95
4008	4008.0	88
4009	4009.0	99
4010	4010.0	101
4011	4011.0	96
4012	4012.0	81
4013	4013.0	86
4014	4014.0	93
4015	4015.0	81
4016	4016.0	81
4017	4017.0	92
4018	4018.0	97
4019	4019.0	97
4020	4020.0	85
4021	4021.0	94
4022	4022.0	99
4023	4023.0	84
4024	4024.0	105
4025	4025.0	91
4026	4026.0	94
4027	4027.0	88
4028	4028.0	83
4029	4029.0	90
4030	4030.0	102
4031	4031.0	80
4032	4032.0	81
4033	4033.0	81
4034	4034.0	94
4035	4035.0	90
4036	4036.0	82
4037	4037.0	77
4038	4038.0	79
4039	4039.0	68
4040	4040.0	83
4041	4041.0	83
4042	4042.0	77
4043	4043.0	89
4044	4044.0	79
4045	4045.0	95
4046	4046.0	81
4047	4047.0	102
4048	4048.0	81
4049	4049.0	73
4050	4050.0	85
4051	4051.0	99
4052	4052.0	84
4053	4053.0	90
4054	4054.0	100
4055	4055.0	101
4056	4056.0	80
4057	4057.0	72
4058	4058.0	90
4059	4059.0	93
4060	4060.0	87
4061	4061.0	78
4062	4062.0	80
4063	4063.0	101
4064	4064.0	83
4065	4065.0	83
4066	4066.0	92
4067	4067.0	93
4068	4068.0	98
4069	4069.0	77
4070	4070.0	80
4071	4071.0	90
4072	4072.0	86
4073	4073.0	96
4074	4074.0	95
4075	4075.0	73
4076	4076.0	97
4077	4077.0	82
4078	4078.0	87
4079	4079.0	86
4080	4080.0	68
4081	4081.0	81
4082	4082.0	83
4083	4083.0	92
4084	4084.0	82
4085	4085.0	94
4086	4086.0	75
4087	4087.0	93
4088	4088.0	82
4089	4089.0	83
4090	4090.0	83
4091	4091.0	88
4092	4092.0	80
4093	4093.0	101
4094	4094.0	82
4095	4095.0	82
