Date,Dato_Presion,Dato_Temp
2025-08-29 00:00:00-04:00,681.0,6.5
2025-08-29 00:05:00-04:00,680.9,6.5
2025-08-29 00:10:00-04:00,681.0,6.4
2025-08-29 00:15:00-04:00,681.0,6.4
2025-08-29 00:20:00-04:00,680.8,6.2
2025-08-29 00:25:00-04:00,680.7,6.0
2025-08-29 00:30:00-04:00,681.0,6.1
2025-08-29 00:35:00-04:00,680.9,6.2
2025-08-29 00:40:00-04:00,680.9,6.1
2025-08-29 00:45:00-04:00,680.8,6.0
2025-08-29 00:50:00-04:00,680.9,6.0
2025-08-29 00:55:00-04:00,681.0,6.0
2025-08-29 01:00:00-04:00,681.0,6.0
2025-08-29 01:05:00-04:00,680.9,6.0
2025-08-29 01:10:00-04:00,681.0,5.8
2025-08-29 01:15:00-04:00,680.9,5.9
2025-08-29 01:20:00-04:00,680.9,5.8
2025-08-29 01:25:00-04:00,681.0,5.6
2025-08-29 01:30:00-04:00,681.0,5.6
2025-08-29 01:35:00-04:00,681.2,5.7
2025-08-29 01:40:00-04:00,681.1,5.6
2025-08-29 01:45:00-04:00,680.9,5.7
2025-08-29 01:50:00-04:00,680.9,5.7
2025-08-29 01:55:00-04:00,680.9,5.6
2025-08-29 02:00:00-04:00,680.8,5.6
2025-08-29 02:05:00-04:00,680.7,5.6
2025-08-29 02:10:00-04:00,680.8,5.5
2025-08-29 02:15:00-04:00,680.6,5.6
2025-08-29 02:20:00-04:00,680.5,5.3
2025-08-29 02:25:00-04:00,680.7,5.2
2025-08-29 02:30:00-04:00,680.6,4.9
2025-08-29 02:35:00-04:00,680.5,5.0
2025-08-29 02:40:00-04:00,680.3,5.3
2025-08-29 02:45:00-04:00,680.4,5.4
2025-08-29 02:50:00-04:00,680.6,5.2
2025-08-29 02:55:00-04:00,680.4,5.1
2025-08-29 03:00:00-04:00,680.4,5.3
2025-08-29 03:05:00-04:00,680.3,5.4
2025-08-29 03:10:00-04:00,680.1,5.2
2025-08-29 03:15:00-04:00,680.3,5.1
2025-08-29 03:20:00-04:00,680.2,5.0
2025-08-29 03:25:00-04:00,680.1,4.8
2025-08-29 03:30:00-04:00,680.2,4.7
2025-08-29 03:35:00-04:00,679.9,4.5
2025-08-29 03:40:00-04:00,680.0,4.4
2025-08-29 03:45:00-04:00,680.1,4.6
2025-08-29 03:50:00-04:00,679.9,4.7
2025-08-29 03:55:00-04:00,680.1,4.6
2025-08-29 04:00:00-04:00,680.0,4.2
2025-08-29 04:05:00-04:00,680.1,4.2
2025-08-29 04:10:00-04:00,679.9,4.4
2025-08-29 04:15:00-04:00,679.9,4.3
2025-08-29 04:20:00-04:00,679.8,4.5
2025-08-29 04:25:00-04:00,679.7,4.5
2025-08-29 04:30:00-04:00,679.9,4.5
2025-08-29 04:35:00-04:00,679.8,4.6
2025-08-29 04:40:00-04:00,679.6,4.6
2025-08-29 04:45:00-04:00,679.7,4.7
2025-08-29 04:50:00-04:00,679.6,4.6
2025-08-29 04:55:00-04:00,679.7,4.4
2025-08-29 05:00:00-04:00,679.8,4.1
2025-08-29 05:05:00-04:00,679.8,4.0
2025-08-29 05:10:00-04:00,679.8,3.9
2025-08-29 05:15:00-04:00,679.8,3.9
2025-08-29 05:20:00-04:00,679.8,3.9
2025-08-29 05:25:00-04:00,679.8,3.9
2025-08-29 05:30:00-04:00,679.8,3.9
2025-08-29 05:35:00-04:00,679.8,3.9
2025-08-29 05:40:00-04:00,679.9,3.9
2025-08-29 05:45:00-04:00,680.0,3.9
2025-08-29 05:50:00-04:00,680.0,3.9
2025-08-29 05:55:00-04:00,680.1,3.6
2025-08-29 06:00:00-04:00,680.1,3.7
2025-08-29 06:05:00-04:00,680.0,3.6
2025-08-29 06:10:00-04:00,680.2,3.5
2025-08-29 06:15:00-04:00,680.2,3.5
2025-08-29 06:20:00-04:00,680.1,3.6
2025-08-29 06:25:00-04:00,680.2,3.4
2025-08-29 06:30:00-04:00,680.2,3.6
2025-08-29 06:35:00-04:00,680.3,3.5
2025-08-29 06:40:00-04:00,680.2,3.5
2025-08-29 06:45:00-04:00,680.4,3.5
2025-08-29 06:50:00-04:00,680.7,3.4
2025-08-29 06:55:00-04:00,680.5,3.6
2025-08-29 07:00:00-04:00,680.6,3.6
2025-08-29 07:05:00-04:00,680.6,3.5
2025-08-29 07:10:00-04:00,680.7,3.7
2025-08-29 07:15:00-04:00,680.6,3.8
2025-08-29 07:20:00-04:00,680.6,3.7
2025-08-29 07:25:00-04:00,680.6,4.2
2025-08-29 07:30:00-04:00,680.9,5.1
2025-08-29 07:35:00-04:00,680.8,6.6
2025-08-29 07:40:00-04:00,680.8,7.6
2025-08-29 07:45:00-04:00,680.9,7.4
2025-08-29 07:50:00-04:00,681.0,8.8
2025-08-29 07:55:00-04:00,680.9,9.5
2025-08-29 08:00:00-04:00,680.9,9.6
2025-08-29 08:05:00-04:00,680.9,8.3
2025-08-29 08:10:00-04:00,681.0,8.2
2025-08-29 08:15:00-04:00,681.0,8.5
2025-08-29 08:20:00-04:00,681.0,8.8
2025-08-29 08:25:00-04:00,681.0,9.0
2025-08-29 08:30:00-04:00,681.1,9.1
2025-08-29 08:35:00-04:00,681.2,8.0
2025-08-29 08:40:00-04:00,681.1,7.3
2025-08-29 08:45:00-04:00,681.1,8.7
2025-08-29 08:50:00-04:00,681.0,8.9
2025-08-29 08:55:00-04:00,681.1,8.2
2025-08-29 09:00:00-04:00,681.1,8.6
2025-08-29 09:05:00-04:00,681.2,8.8
2025-08-29 09:10:00-04:00,681.2,9.5
2025-08-29 09:15:00-04:00,681.2,9.1
2025-08-29 09:20:00-04:00,681.2,9.1
2025-08-29 09:25:00-04:00,681.0,10.2
2025-08-29 09:30:00-04:00,681.1,9.7
2025-08-29 09:35:00-04:00,681.1,9.5
2025-08-29 09:40:00-04:00,681.0,9.8
2025-08-29 09:45:00-04:00,681.0,9.9
2025-08-29 09:50:00-04:00,681.0,9.7
2025-08-29 09:55:00-04:00,681.1,10.7
2025-08-29 10:00:00-04:00,681.0,10.2
2025-08-29 10:05:00-04:00,681.0,10.7
2025-08-29 10:10:00-04:00,680.8,10.6
2025-08-29 10:15:00-04:00,680.9,11.0
2025-08-29 10:20:00-04:00,680.9,10.4
2025-08-29 10:25:00-04:00,680.7,11.3
2025-08-29 10:30:00-04:00,680.7,11.5
2025-08-29 10:35:00-04:00,680.6,11.7
2025-08-29 10:40:00-04:00,680.4,11.8
2025-08-29 10:45:00-04:00,680.7,12.2
2025-08-29 10:50:00-04:00,680.4,12.6
2025-08-29 10:55:00-04:00,680.5,12.4
2025-08-29 11:00:00-04:00,680.3,12.1
2025-08-29 11:05:00-04:00,680.3,12.9
2025-08-29 11:10:00-04:00,680.2,12.6
2025-08-29 11:15:00-04:00,680.2,13.7
2025-08-29 11:20:00-04:00,680.0,12.9
2025-08-29 11:25:00-04:00,680.0,12.6
2025-08-29 11:30:00-04:00,679.6,13.3
2025-08-29 11:35:00-04:00,679.7,13.5
2025-08-29 11:40:00-04:00,679.5,13.6
2025-08-29 11:45:00-04:00,679.5,13.4
2025-08-29 11:50:00-04:00,679.4,13.8
2025-08-29 11:55:00-04:00,679.1,14.6
2025-08-29 12:00:00-04:00,679.2,15.5
2025-08-29 12:05:00-04:00,678.8,15.9
2025-08-29 12:10:00-04:00,679.0,15.4
2025-08-29 12:15:00-04:00,678.7,15.8
2025-08-29 12:20:00-04:00,678.7,16.0
2025-08-29 12:25:00-04:00,678.5,16.5
2025-08-29 12:30:00-04:00,678.5,16.6
2025-08-29 12:35:00-04:00,678.4,16.4
2025-08-29 12:40:00-04:00,678.5,16.4
2025-08-29 12:45:00-04:00,678.2,16.3
2025-08-29 12:50:00-04:00,678.1,16.4
2025-08-29 12:55:00-04:00,678.0,17.2
2025-08-29 13:00:00-04:00,677.9,16.5
2025-08-29 13:05:00-04:00,677.8,15.8
2025-08-29 13:10:00-04:00,678.0,15.6
2025-08-29 13:15:00-04:00,677.7,15.6
2025-08-29 13:20:00-04:00,677.6,16.7
2025-08-29 13:25:00-04:00,677.8,16.9
2025-08-29 13:30:00-04:00,677.6,16.2
2025-08-29 13:35:00-04:00,677.6,16.0
2025-08-29 13:40:00-04:00,677.4,16.0
2025-08-29 13:45:00-04:00,677.4,16.4
2025-08-29 13:50:00-04:00,677.3,16.9
2025-08-29 13:55:00-04:00,677.3,16.8
2025-08-29 14:00:00-04:00,677.3,17.9
2025-08-29 14:05:00-04:00,676.9,18.1
2025-08-29 14:10:00-04:00,677.0,17.7
2025-08-29 14:15:00-04:00,676.9,17.3
2025-08-29 14:20:00-04:00,676.7,17.4
2025-08-29 14:25:00-04:00,676.8,17.3
2025-08-29 14:30:00-04:00,676.8,17.9
2025-08-29 14:35:00-04:00,676.7,18.2
2025-08-29 14:40:00-04:00,676.5,17.6
2025-08-29 14:45:00-04:00,676.7,17.4
2025-08-29 14:50:00-04:00,676.3,17.6
2025-08-29 14:55:00-04:00,676.5,17.4
2025-08-29 15:00:00-04:00,676.4,17.0
2025-08-29 15:05:00-04:00,676.3,17.5
2025-08-29 15:10:00-04:00,676.2,18.0
2025-08-29 15:15:00-04:00,676.3,17.5
2025-08-29 15:20:00-04:00,676.1,18.8
2025-08-29 15:25:00-04:00,676.2,18.9
2025-08-29 15:30:00-04:00,676.0,18.1
2025-08-29 15:35:00-04:00,676.0,18.1
2025-08-29 15:40:00-04:00,676.0,18.3
2025-08-29 15:45:00-04:00,675.9,18.3
2025-08-29 15:50:00-04:00,675.7,18.5
2025-08-29 15:55:00-04:00,675.9,18.0
2025-08-29 16:00:00-04:00,675.8,18.7
2025-08-29 16:05:00-04:00,675.8,18.1
2025-08-29 16:10:00-04:00,675.8,17.8
2025-08-29 16:15:00-04:00,675.7,18.9
2025-08-29 16:20:00-04:00,675.7,18.9
2025-08-29 16:25:00-04:00,675.5,19.0
2025-08-29 16:30:00-04:00,675.7,18.5
2025-08-29 16:35:00-04:00,675.7,18.9
2025-08-29 16:40:00-04:00,675.8,18.0
2025-08-29 16:45:00-04:00,675.5,17.0
2025-08-29 16:50:00-04:00,675.6,16.9
2025-08-29 16:55:00-04:00,675.6,16.6
2025-08-29 17:00:00-04:00,675.6,16.3
2025-08-29 17:05:00-04:00,675.5,16.4
2025-08-29 17:10:00-04:00,675.6,16.4
2025-08-29 17:15:00-04:00,675.6,16.3
2025-08-29 17:20:00-04:00,675.7,16.1
2025-08-29 17:25:00-04:00,675.9,16.0
2025-08-29 17:30:00-04:00,675.7,16.1
2025-08-29 17:35:00-04:00,675.9,15.3
2025-08-29 17:40:00-04:00,676.1,15.3
2025-08-29 17:45:00-04:00,676.1,15.4
2025-08-29 17:50:00-04:00,676.0,15.3
2025-08-29 17:55:00-04:00,676.1,15.2
2025-08-29 18:00:00-04:00,676.1,15.2
2025-08-29 18:05:00-04:00,676.0,15.3
2025-08-29 18:10:00-04:00,676.2,14.8
2025-08-29 18:15:00-04:00,676.1,14.5
2025-08-29 18:20:00-04:00,676.1,14.5
2025-08-29 18:25:00-04:00,676.1,14.6
2025-08-29 18:30:00-04:00,676.2,14.5
2025-08-29 18:35:00-04:00,676.2,14.3
2025-08-29 18:40:00-04:00,676.2,14.0
2025-08-29 18:45:00-04:00,676.3,13.7
2025-08-29 18:50:00-04:00,676.4,13.2
2025-08-29 18:55:00-04:00,676.4,12.8
2025-08-29 19:00:00-04:00,676.6,12.6
2025-08-29 19:05:00-04:00,676.6,12.5
2025-08-29 19:10:00-04:00,676.7,12.4
2025-08-29 19:15:00-04:00,676.7,12.3
2025-08-29 19:20:00-04:00,676.6,12.1
2025-08-29 19:25:00-04:00,676.9,11.9
2025-08-29 19:30:00-04:00,676.9,11.8
2025-08-29 19:35:00-04:00,676.9,11.7
2025-08-29 19:40:00-04:00,677.1,11.5
2025-08-29 19:45:00-04:00,677.1,11.2
2025-08-29 19:50:00-04:00,677.3,11.0
2025-08-29 19:55:00-04:00,677.3,10.9
2025-08-29 20:00:00-04:00,677.3,10.6
2025-08-29 20:05:00-04:00,677.5,10.5
2025-08-29 20:10:00-04:00,677.5,10.1
2025-08-29 20:15:00-04:00,677.5,10.3
2025-08-29 20:20:00-04:00,677.6,10.3
2025-08-29 20:25:00-04:00,677.6,10.2
2025-08-29 20:30:00-04:00,677.7,10.4
2025-08-29 20:35:00-04:00,677.7,10.3
2025-08-29 20:40:00-04:00,677.9,10.2
2025-08-29 20:45:00-04:00,678.1,10.1
2025-08-29 20:50:00-04:00,678.0,10.0
2025-08-29 20:55:00-04:00,678.1,10.0
2025-08-29 21:00:00-04:00,678.2,10.0
2025-08-29 21:05:00-04:00,678.2,10.0
2025-08-29 21:10:00-04:00,678.5,10.1
2025-08-29 21:15:00-04:00,678.4,9.9
2025-08-29 21:20:00-04:00,678.8,9.9
2025-08-29 21:25:00-04:00,678.7,9.8
2025-08-29 21:30:00-04:00,678.7,9.7
2025-08-29 21:35:00-04:00,678.9,9.7
2025-08-29 21:40:00-04:00,678.9,9.7
2025-08-29 21:45:00-04:00,679.1,9.8
2025-08-29 21:50:00-04:00,679.2,9.7
2025-08-29 21:55:00-04:00,679.1,9.7
2025-08-29 22:00:00-04:00,679.2,9.7
2025-08-29 22:05:00-04:00,679.5,9.7
2025-08-29 22:10:00-04:00,679.2,9.7
2025-08-29 22:15:00-04:00,679.3,9.9
2025-08-29 22:20:00-04:00,679.3,10.0
2025-08-29 22:25:00-04:00,679.4,9.9
2025-08-29 22:30:00-04:00,679.5,9.9
2025-08-29 22:35:00-04:00,679.6,9.9
2025-08-29 22:40:00-04:00,679.5,9.8
2025-08-29 22:45:00-04:00,679.7,9.8
2025-08-29 22:50:00-04:00,679.8,9.9
2025-08-29 22:55:00-04:00,679.6,9.7
2025-08-29 23:00:00-04:00,679.7,9.7
2025-08-29 23:05:00-04:00,679.9,9.7
2025-08-29 23:10:00-04:00,680.0,9.8
2025-08-29 23:15:00-04:00,679.9,9.7
2025-08-29 23:20:00-04:00,680.5,9.1
2025-08-29 23:25:00-04:00,680.6,8.0
2025-08-29 23:30:00-04:00,680.8,7.2
2025-08-29 23:35:00-04:00,680.8,6.5
2025-08-29 23:40:00-04:00,681.0,6.0
2025-08-29 23:45:00-04:00,681.2,5.9
2025-08-29 23:50:00-04:00,680.8,5.7
2025-08-29 23:55:00-04:00,681.0,5.4
2025-08-30 00:00:00-04:00,681.0,5.5
2025-08-30 00:05:00-04:00,680.8,5.6
2025-08-30 00:10:00-04:00,680.8,5.3
2025-08-30 00:15:00-04:00,681.0,5.3
2025-08-30 00:20:00-04:00,680.7,5.1
2025-08-30 00:25:00-04:00,680.9,4.9
2025-08-30 00:30:00-04:00,681.0,5.0
2025-08-30 00:35:00-04:00,680.9,5.1
2025-08-30 00:40:00-04:00,681.1,5.3
2025-08-30 00:45:00-04:00,681.0,5.4
2025-08-30 00:50:00-04:00,681.0,5.5
2025-08-30 00:55:00-04:00,680.9,5.6
2025-08-30 01:00:00-04:00,681.1,5.7
2025-08-30 01:05:00-04:00,680.9,5.9
2025-08-30 01:10:00-04:00,681.0,5.8
2025-08-30 01:15:00-04:00,681.0,5.9
2025-08-30 01:20:00-04:00,681.1,5.7
2025-08-30 01:25:00-04:00,681.0,5.4
2025-08-30 01:30:00-04:00,680.9,5.4
2025-08-30 01:35:00-04:00,681.0,5.1
2025-08-30 01:40:00-04:00,681.0,5.0
2025-08-30 01:45:00-04:00,681.0,5.0
2025-08-30 01:50:00-04:00,681.1,4.8
2025-08-30 01:55:00-04:00,681.1,4.8
2025-08-30 02:00:00-04:00,680.7,5.1
2025-08-30 02:05:00-04:00,680.5,5.0
2025-08-30 02:10:00-04:00,680.4,5.0
2025-08-30 02:15:00-04:00,680.7,5.1
2025-08-30 02:20:00-04:00,680.9,5.0
2025-08-30 02:25:00-04:00,680.8,5.4
2025-08-30 02:30:00-04:00,680.7,5.3
2025-08-30 02:35:00-04:00,680.7,5.1
2025-08-30 02:40:00-04:00,680.8,5.2
2025-08-30 02:45:00-04:00,680.6,5.3
2025-08-30 02:50:00-04:00,680.6,5.2
2025-08-30 02:55:00-04:00,680.4,5.5
2025-08-30 03:00:00-04:00,680.7,5.1
2025-08-30 03:05:00-04:00,680.3,5.1
2025-08-30 03:10:00-04:00,680.3,5.0
2025-08-30 03:15:00-04:00,680.3,5.0
2025-08-30 03:20:00-04:00,680.3,5.1
2025-08-30 03:25:00-04:00,680.1,4.9
2025-08-30 03:30:00-04:00,680.2,4.6
2025-08-30 03:35:00-04:00,680.1,4.8
2025-08-30 03:40:00-04:00,680.0,4.7
2025-08-30 03:45:00-04:00,679.8,4.6
2025-08-30 03:50:00-04:00,679.8,4.5
2025-08-30 03:55:00-04:00,679.7,4.9
2025-08-30 04:00:00-04:00,679.7,5.1
2025-08-30 04:05:00-04:00,679.8,5.0
2025-08-30 04:10:00-04:00,680.0,4.9
2025-08-30 04:15:00-04:00,680.0,4.9
2025-08-30 04:20:00-04:00,679.8,4.6
2025-08-30 04:25:00-04:00,679.9,4.5
2025-08-30 04:30:00-04:00,679.9,4.5
2025-08-30 04:35:00-04:00,679.9,4.4
2025-08-30 04:40:00-04:00,680.1,4.3
2025-08-30 04:45:00-04:00,680.0,4.2
2025-08-30 04:50:00-04:00,679.8,4.3
2025-08-30 04:55:00-04:00,680.1,4.3
2025-08-30 05:00:00-04:00,680.0,4.3
2025-08-30 05:05:00-04:00,679.8,4.3
2025-08-30 05:10:00-04:00,680.0,4.4
2025-08-30 05:15:00-04:00,680.0,4.2
2025-08-30 05:20:00-04:00,679.8,4.2
2025-08-30 05:25:00-04:00,680.0,4.1
2025-08-30 05:30:00-04:00,680.0,4.0
2025-08-30 05:35:00-04:00,680.0,4.1
2025-08-30 05:40:00-04:00,680.0,4.2
2025-08-30 05:45:00-04:00,680.2,4.1
2025-08-30 05:50:00-04:00,680.4,4.1
2025-08-30 05:55:00-04:00,680.4,4.1
2025-08-30 06:00:00-04:00,680.2,4.3
2025-08-30 06:05:00-04:00,680.4,4.5
2025-08-30 06:10:00-04:00,680.3,4.6
2025-08-30 06:15:00-04:00,680.3,4.6
2025-08-30 06:20:00-04:00,680.2,4.5
2025-08-30 06:25:00-04:00,680.3,4.5
2025-08-30 06:30:00-04:00,680.4,4.6
2025-08-30 06:35:00-04:00,680.3,4.5
2025-08-30 06:40:00-04:00,680.3,4.3
2025-08-30 06:45:00-04:00,680.3,4.3
2025-08-30 06:50:00-04:00,680.2,4.2
2025-08-30 06:55:00-04:00,680.2,4.2
2025-08-30 07:00:00-04:00,680.3,4.2
2025-08-30 07:05:00-04:00,680.3,4.2
2025-08-30 07:10:00-04:00,680.3,4.3
2025-08-30 07:15:00-04:00,680.3,4.1
2025-08-30 07:20:00-04:00,680.1,4.3
2025-08-30 07:25:00-04:00,680.2,4.8
2025-08-30 07:30:00-04:00,680.4,5.9
2025-08-30 07:35:00-04:00,680.3,7.1
2025-08-30 07:40:00-04:00,680.2,6.7
2025-08-30 07:45:00-04:00,680.1,7.1
2025-08-30 07:50:00-04:00,680.3,8.2
2025-08-30 07:55:00-04:00,680.4,7.3
2025-08-30 08:00:00-04:00,680.4,7.3
2025-08-30 08:05:00-04:00,680.2,7.7
2025-08-30 08:10:00-04:00,680.2,9.4
2025-08-30 08:15:00-04:00,680.2,10.5
2025-08-30 08:20:00-04:00,680.2,10.6
2025-08-30 08:25:00-04:00,680.2,10.7
2025-08-30 08:30:00-04:00,680.1,10.6
2025-08-30 08:35:00-04:00,680.1,9.9
2025-08-30 08:40:00-04:00,680.2,10.5
2025-08-30 08:45:00-04:00,680.1,10.9
2025-08-30 08:50:00-04:00,680.1,9.2
2025-08-30 08:55:00-04:00,680.3,8.4
2025-08-30 09:00:00-04:00,680.2,8.7
2025-08-30 09:05:00-04:00,680.1,8.7
2025-08-30 09:10:00-04:00,680.2,9.0
2025-08-30 09:15:00-04:00,680.3,9.4
2025-08-30 09:20:00-04:00,680.2,9.7
2025-08-30 09:25:00-04:00,680.2,10.3
2025-08-30 09:30:00-04:00,680.2,9.9
2025-08-30 09:35:00-04:00,680.3,11.1
2025-08-30 09:40:00-04:00,680.3,12.8
2025-08-30 09:45:00-04:00,680.2,12.3
2025-08-30 09:50:00-04:00,680.3,12.6
2025-08-30 09:55:00-04:00,680.5,13.8
2025-08-30 10:00:00-04:00,680.5,12.9
2025-08-30 10:05:00-04:00,680.3,12.7
2025-08-30 10:10:00-04:00,680.3,13.9
2025-08-30 10:15:00-04:00,680.3,13.5
2025-08-30 10:20:00-04:00,680.2,13.3
2025-08-30 10:25:00-04:00,680.2,13.5
2025-08-30 10:30:00-04:00,680.0,14.9
2025-08-30 10:35:00-04:00,680.0,13.5
2025-08-30 10:40:00-04:00,680.2,14.2
2025-08-30 10:45:00-04:00,680.2,13.8
2025-08-30 10:50:00-04:00,679.9,14.7
2025-08-30 10:55:00-04:00,679.9,15.2
2025-08-30 11:00:00-04:00,680.0,14.8
2025-08-30 11:05:00-04:00,679.9,14.4
2025-08-30 11:10:00-04:00,679.9,14.5
2025-08-30 11:15:00-04:00,680.0,15.6
2025-08-30 11:20:00-04:00,679.8,14.9
2025-08-30 11:25:00-04:00,680.1,15.5
2025-08-30 11:30:00-04:00,679.9,15.1
2025-08-30 11:35:00-04:00,680.0,15.1
2025-08-30 11:40:00-04:00,679.8,15.3
2025-08-30 11:45:00-04:00,679.8,15.2
2025-08-30 11:50:00-04:00,679.4,15.5
2025-08-30 12:49:00-04:00,,16.6
2025-08-30 12:50:00-04:00,679.0,16.6
2025-08-30 12:55:00-04:00,678.6,16.8
2025-08-30 13:00:00-04:00,678.8,16.9
2025-08-30 13:05:00-04:00,679.1,16.9
2025-08-30 13:10:00-04:00,679.1,17.1
2025-08-30 13:15:00-04:00,678.8,16.8
2025-08-30 13:20:00-04:00,678.7,17.3
2025-08-30 13:25:00-04:00,678.8,17.4
2025-08-30 13:30:00-04:00,678.7,16.8
2025-08-30 13:35:00-04:00,678.5,17.1
2025-08-30 13:40:00-04:00,678.6,17.1
2025-08-30 13:45:00-04:00,678.4,17.5
2025-08-30 13:50:00-04:00,678.4,18.0
2025-08-30 13:55:00-04:00,678.2,17.5
2025-08-30 14:00:00-04:00,678.0,18.0
2025-08-30 14:05:00-04:00,677.9,18.1
2025-08-30 14:10:00-04:00,677.9,17.7
2025-08-30 14:15:00-04:00,677.7,18.0
2025-08-30 14:20:00-04:00,677.7,18.7
2025-08-30 14:25:00-04:00,677.8,17.7
2025-08-30 14:30:00-04:00,677.7,17.8
2025-08-30 14:35:00-04:00,677.4,17.7
2025-08-30 14:40:00-04:00,677.5,17.7
2025-08-30 14:45:00-04:00,677.3,17.3
2025-08-30 14:50:00-04:00,677.2,17.5
2025-08-30 14:55:00-04:00,677.1,18.3
2025-08-30 15:00:00-04:00,676.9,17.9
2025-08-30 15:05:00-04:00,677.0,18.2
2025-08-30 15:10:00-04:00,677.0,19.0
2025-08-30 15:15:00-04:00,676.7,18.5
2025-08-30 15:20:00-04:00,676.7,18.3
2025-08-30 15:25:00-04:00,676.6,18.2
2025-08-30 15:30:00-04:00,676.8,18.2
2025-08-30 15:35:00-04:00,676.6,17.9
2025-08-30 15:40:00-04:00,676.6,18.6
2025-08-30 15:45:00-04:00,676.5,18.0
2025-08-30 15:50:00-04:00,676.6,18.5
2025-08-30 15:55:00-04:00,676.5,18.1
2025-08-30 16:00:00-04:00,676.5,18.2
2025-08-30 16:05:00-04:00,676.3,18.5
2025-08-30 16:10:00-04:00,676.5,18.3
2025-08-30 16:15:00-04:00,676.1,18.9
2025-08-30 16:20:00-04:00,676.1,19.0
2025-08-30 16:25:00-04:00,676.2,19.1
2025-08-30 16:30:00-04:00,676.2,18.6
2025-08-30 16:35:00-04:00,676.1,18.4
2025-08-30 16:40:00-04:00,676.0,19.2
2025-08-30 16:45:00-04:00,676.1,19.1
2025-08-30 16:50:00-04:00,675.9,18.6
2025-08-30 16:55:00-04:00,676.1,19.6
2025-08-30 17:00:00-04:00,675.8,19.4
2025-08-30 17:05:00-04:00,675.9,19.2
2025-08-30 17:10:00-04:00,675.9,19.1
2025-08-30 17:15:00-04:00,676.1,19.3
2025-08-30 17:20:00-04:00,675.9,18.6
2025-08-30 17:25:00-04:00,676.0,18.9
2025-08-30 17:30:00-04:00,675.9,19.1
2025-08-30 17:35:00-04:00,675.9,18.7
2025-08-30 17:40:00-04:00,676.0,18.6
2025-08-30 17:45:00-04:00,675.8,19.2
2025-08-30 17:50:00-04:00,675.9,18.9
2025-08-30 17:55:00-04:00,675.9,18.5
2025-08-30 18:00:00-04:00,675.9,18.3
2025-08-30 18:05:00-04:00,675.9,18.0
2025-08-30 18:10:00-04:00,675.9,17.4
2025-08-30 18:15:00-04:00,675.9,17.1
2025-08-30 18:20:00-04:00,676.0,17.1
2025-08-30 18:25:00-04:00,676.1,16.8
2025-08-30 18:30:00-04:00,675.8,16.4
2025-08-30 18:35:00-04:00,676.1,16.0
2025-08-30 18:40:00-04:00,676.2,15.6
2025-08-30 18:45:00-04:00,676.4,15.3
2025-08-30 18:50:00-04:00,676.6,15.2
2025-08-30 18:55:00-04:00,676.4,14.8
2025-08-30 19:00:00-04:00,676.5,14.5
2025-08-30 19:05:00-04:00,676.8,14.0
2025-08-30 19:10:00-04:00,676.8,13.5
2025-08-30 19:15:00-04:00,676.8,13.3
2025-08-30 19:20:00-04:00,676.8,13.3
2025-08-30 19:25:00-04:00,676.9,13.0
2025-08-30 19:30:00-04:00,677.0,13.1
2025-08-30 19:35:00-04:00,676.9,12.8
2025-08-30 19:40:00-04:00,677.1,12.6
2025-08-30 19:45:00-04:00,677.2,12.3
2025-08-30 19:50:00-04:00,677.3,12.2
2025-08-30 19:55:00-04:00,677.4,12.2
2025-08-30 20:00:00-04:00,677.4,12.1
2025-08-30 20:05:00-04:00,677.4,12.0
2025-08-30 20:10:00-04:00,677.7,11.8
2025-08-30 20:15:00-04:00,677.6,11.6
2025-08-30 20:20:00-04:00,677.7,11.4
2025-08-30 20:25:00-04:00,677.9,11.2
2025-08-30 20:30:00-04:00,677.8,11.1
2025-08-30 20:35:00-04:00,678.0,11.0
2025-08-30 20:40:00-04:00,678.1,10.6
2025-08-30 20:45:00-04:00,678.4,10.3
2025-08-30 20:50:00-04:00,678.6,10.9
2025-08-30 20:55:00-04:00,678.6,10.7
2025-08-30 21:00:00-04:00,678.7,10.7
2025-08-30 21:05:00-04:00,678.9,10.6
2025-08-30 21:10:00-04:00,678.9,10.5
2025-08-30 21:15:00-04:00,679.1,10.2
2025-08-30 21:20:00-04:00,679.0,10.2
2025-08-30 21:25:00-04:00,679.1,10.6
2025-08-30 21:30:00-04:00,679.3,10.7
2025-08-30 21:35:00-04:00,679.5,10.7
2025-08-30 21:40:00-04:00,679.4,10.6
2025-08-30 21:45:00-04:00,679.5,10.6
2025-08-30 21:50:00-04:00,679.4,10.4
2025-08-30 21:55:00-04:00,679.7,10.2
2025-08-30 22:00:00-04:00,679.8,10.2
2025-08-30 22:05:00-04:00,679.8,10.1
2025-08-30 22:10:00-04:00,679.9,10.0
2025-08-30 22:15:00-04:00,680.0,10.1
2025-08-30 22:20:00-04:00,680.0,10.0
2025-08-30 22:25:00-04:00,680.2,9.8
2025-08-30 22:30:00-04:00,680.1,9.6
2025-08-30 22:35:00-04:00,680.2,9.3
2025-08-30 22:40:00-04:00,680.1,9.2
2025-08-30 22:45:00-04:00,680.1,9.0
2025-08-30 22:50:00-04:00,680.4,8.9
2025-08-30 22:55:00-04:00,680.3,8.9
2025-08-30 23:00:00-04:00,680.3,8.7
2025-08-30 23:05:00-04:00,680.3,8.7
2025-08-30 23:10:00-04:00,680.4,8.6
2025-08-30 23:15:00-04:00,680.5,8.7
2025-08-30 23:20:00-04:00,680.5,8.4
2025-08-30 23:25:00-04:00,680.5,8.3
2025-08-30 23:30:00-04:00,680.4,8.3
2025-08-30 23:35:00-04:00,680.6,8.4
2025-08-30 23:40:00-04:00,680.6,8.6
2025-08-30 23:45:00-04:00,680.7,9.0
2025-08-30 23:50:00-04:00,680.5,9.1
2025-08-30 23:55:00-04:00,680.4,9.0
2025-08-31 00:00:00-04:00,680.7,9.1
2025-08-31 00:05:00-04:00,680.6,9.1
2025-08-31 00:10:00-04:00,680.5,9.2
2025-08-31 00:15:00-04:00,680.6,9.1
2025-08-31 00:20:00-04:00,680.3,9.1
2025-08-31 00:25:00-04:00,680.4,9.0
2025-08-31 00:30:00-04:00,680.5,8.9
2025-08-31 00:35:00-04:00,680.4,8.8
2025-08-31 00:40:00-04:00,680.4,8.7
2025-08-31 00:45:00-04:00,680.5,8.6
2025-08-31 00:50:00-04:00,680.5,8.5
2025-08-31 00:55:00-04:00,680.4,8.3
2025-08-31 01:00:00-04:00,680.5,8.2
2025-08-31 01:05:00-04:00,680.3,8.3
2025-08-31 01:10:00-04:00,680.2,8.2
2025-08-31 01:15:00-04:00,680.2,8.1
2025-08-31 01:20:00-04:00,680.3,8.1
2025-08-31 01:25:00-04:00,680.2,8.1
2025-08-31 01:30:00-04:00,680.1,8.1
2025-08-31 01:35:00-04:00,680.0,8.1
2025-08-31 01:40:00-04:00,680.0,8.1
2025-08-31 01:45:00-04:00,680.1,8.0
2025-08-31 01:50:00-04:00,679.9,8.1
2025-08-31 01:55:00-04:00,679.9,8.0
2025-08-31 02:00:00-04:00,679.9,7.9
2025-08-31 02:05:00-04:00,679.8,7.8
2025-08-31 02:10:00-04:00,679.7,7.6
2025-08-31 02:15:00-04:00,679.7,7.5
2025-08-31 02:20:00-04:00,679.8,7.8
2025-08-31 02:25:00-04:00,679.6,7.5
2025-08-31 02:30:00-04:00,679.6,7.4
2025-08-31 02:35:00-04:00,679.5,7.4
2025-08-31 02:40:00-04:00,679.4,7.2
2025-08-31 02:45:00-04:00,679.5,7.0
2025-08-31 02:50:00-04:00,679.5,6.8
2025-08-31 02:55:00-04:00,679.7,6.7
2025-08-31 03:00:00-04:00,679.5,6.6
2025-08-31 03:05:00-04:00,679.5,6.3
2025-08-31 03:10:00-04:00,679.6,6.4
2025-08-31 03:15:00-04:00,679.6,6.5
2025-08-31 03:20:00-04:00,679.5,6.4
2025-08-31 03:25:00-04:00,679.5,6.4
2025-08-31 03:30:00-04:00,679.7,6.2
2025-08-31 03:35:00-04:00,679.6,6.3
2025-08-31 03:40:00-04:00,679.8,6.6
2025-08-31 03:45:00-04:00,679.6,6.6
2025-08-31 03:50:00-04:00,679.9,6.6
2025-08-31 03:55:00-04:00,679.8,6.7
2025-08-31 04:00:00-04:00,679.9,6.7
2025-08-31 04:05:00-04:00,679.9,6.7
2025-08-31 04:10:00-04:00,680.0,6.8
2025-08-31 04:15:00-04:00,680.0,6.9
2025-08-31 04:20:00-04:00,679.9,7.1
2025-08-31 04:25:00-04:00,680.2,6.9
2025-08-31 04:30:00-04:00,680.0,6.8
2025-08-31 04:35:00-04:00,680.0,6.6
2025-08-31 04:40:00-04:00,680.1,6.7
2025-08-31 04:45:00-04:00,680.2,6.6
2025-08-31 04:50:00-04:00,680.0,6.4
2025-08-31 04:55:00-04:00,680.1,6.4
2025-08-31 05:00:00-04:00,680.2,6.6
2025-08-31 05:05:00-04:00,680.1,6.3
2025-08-31 05:10:00-04:00,680.1,6.5
2025-08-31 05:15:00-04:00,680.1,6.3
2025-08-31 05:20:00-04:00,680.2,6.3
2025-08-31 05:25:00-04:00,680.1,6.1
2025-08-31 05:30:00-04:00,680.1,6.1
2025-08-31 05:35:00-04:00,680.2,6.0
2025-08-31 05:40:00-04:00,680.3,6.1
2025-08-31 05:45:00-04:00,680.2,6.1
2025-08-31 05:50:00-04:00,680.3,6.1
2025-08-31 05:55:00-04:00,680.2,6.0
2025-08-31 06:00:00-04:00,680.4,6.0
2025-08-31 06:05:00-04:00,680.5,6.0
2025-08-31 06:10:00-04:00,680.5,6.1
2025-08-31 06:15:00-04:00,680.5,6.1
2025-08-31 06:20:00-04:00,680.5,6.1
2025-08-31 06:25:00-04:00,680.7,6.1
2025-08-31 06:30:00-04:00,680.8,6.0
2025-08-31 06:35:00-04:00,680.8,6.0
2025-08-31 06:40:00-04:00,681.0,5.9
2025-08-31 06:45:00-04:00,680.9,5.8
2025-08-31 06:50:00-04:00,681.0,5.7
2025-08-31 06:55:00-04:00,681.0,5.6
2025-08-31 07:00:00-04:00,681.0,5.7
2025-08-31 07:05:00-04:00,681.0,5.9
2025-08-31 07:10:00-04:00,681.1,5.7
2025-08-31 07:15:00-04:00,681.1,5.6
2025-08-31 07:20:00-04:00,681.1,6.3
2025-08-31 07:25:00-04:00,681.3,7.1
2025-08-31 07:30:00-04:00,681.3,6.8
2025-08-31 07:35:00-04:00,681.3,7.4
2025-08-31 07:40:00-04:00,681.4,8.8
2025-08-31 07:45:00-04:00,681.4,9.4
2025-08-31 07:50:00-04:00,681.5,8.9
2025-08-31 07:55:00-04:00,681.5,9.8
2025-08-31 08:00:00-04:00,681.5,10.5
2025-08-31 08:05:00-04:00,681.4,11.3
2025-08-31 08:10:00-04:00,681.5,12.2
2025-08-31 08:15:00-04:00,681.6,11.3
2025-08-31 08:20:00-04:00,681.7,11.2
2025-08-31 08:25:00-04:00,681.7,11.3
2025-08-31 08:30:00-04:00,681.6,10.3
2025-08-31 08:35:00-04:00,681.6,11.4
2025-08-31 08:40:00-04:00,681.5,12.0
2025-08-31 08:45:00-04:00,681.7,12.7
2025-08-31 08:50:00-04:00,681.8,11.0
2025-08-31 08:55:00-04:00,681.6,13.0
2025-08-31 09:00:00-04:00,681.6,12.6
2025-08-31 09:05:00-04:00,681.6,11.6
2025-08-31 09:10:00-04:00,681.6,11.1
2025-08-31 09:15:00-04:00,681.4,11.5
2025-08-31 09:20:00-04:00,681.6,11.0
2025-08-31 09:25:00-04:00,681.5,11.6
2025-08-31 09:30:00-04:00,681.8,11.9
2025-08-31 09:35:00-04:00,681.7,11.6
2025-08-31 09:40:00-04:00,681.6,11.8
2025-08-31 09:45:00-04:00,681.7,11.2
2025-08-31 09:50:00-04:00,681.7,12.0
2025-08-31 09:55:00-04:00,681.6,12.1
2025-08-31 10:00:00-04:00,681.5,12.7
2025-08-31 10:05:00-04:00,681.4,13.8
2025-08-31 10:10:00-04:00,681.2,13.8
2025-08-31 10:15:00-04:00,681.4,13.5
2025-08-31 10:20:00-04:00,681.4,13.0
2025-08-31 10:25:00-04:00,681.5,14.1
2025-08-31 10:30:00-04:00,681.3,13.8
2025-08-31 10:35:00-04:00,681.4,13.4
2025-08-31 10:40:00-04:00,681.2,13.8
2025-08-31 10:45:00-04:00,681.3,13.3
2025-08-31 10:50:00-04:00,681.2,13.0
2025-08-31 10:55:00-04:00,681.1,13.6
2025-08-31 11:00:00-04:00,681.0,14.1
2025-08-31 11:05:00-04:00,681.2,13.6
2025-08-31 11:10:00-04:00,681.0,14.8
2025-08-31 11:15:00-04:00,680.8,13.8
2025-08-31 11:20:00-04:00,680.9,13.9
2025-08-31 11:25:00-04:00,680.8,15.3
2025-08-31 11:30:00-04:00,680.7,15.3
2025-08-31 11:35:00-04:00,680.7,15.1
2025-08-31 11:40:00-04:00,680.7,15.5
2025-08-31 11:45:00-04:00,680.6,15.9
2025-08-31 11:50:00-04:00,680.5,16.5
2025-08-31 11:55:00-04:00,680.4,15.6
2025-08-31 12:00:00-04:00,680.4,15.4
2025-08-31 12:05:00-04:00,680.3,15.8
2025-08-31 12:10:00-04:00,680.3,15.7
2025-08-31 12:15:00-04:00,680.2,15.7
2025-08-31 12:20:00-04:00,680.1,16.3
2025-08-31 12:25:00-04:00,680.1,16.7
2025-08-31 12:30:00-04:00,680.1,16.1
2025-08-31 12:35:00-04:00,679.8,17.4
2025-08-31 12:40:00-04:00,679.9,17.0
2025-08-31 12:45:00-04:00,679.9,16.6
2025-08-31 12:50:00-04:00,679.7,16.7
2025-08-31 12:55:00-04:00,679.7,17.2
2025-08-31 13:00:00-04:00,679.5,17.7
2025-08-31 13:05:00-04:00,679.6,17.4
2025-08-31 13:10:00-04:00,679.6,17.2
2025-08-31 13:15:00-04:00,679.2,17.9
2025-08-31 13:20:00-04:00,679.4,18.0
2025-08-31 13:25:00-04:00,679.2,18.3
2025-08-31 13:30:00-04:00,679.1,18.2
2025-08-31 13:35:00-04:00,679.2,17.8
2025-08-31 13:40:00-04:00,679.1,17.2
2025-08-31 13:45:00-04:00,678.8,18.2
2025-08-31 13:50:00-04:00,678.9,17.9
2025-08-31 13:55:00-04:00,678.7,18.1
2025-08-31 14:00:00-04:00,678.7,17.7
2025-08-31 14:05:00-04:00,678.7,17.9
2025-08-31 14:10:00-04:00,678.5,18.1
2025-08-31 14:15:00-04:00,678.3,18.2
2025-08-31 14:20:00-04:00,678.3,18.4
2025-08-31 14:25:00-04:00,678.2,18.3
2025-08-31 14:30:00-04:00,678.2,19.0
2025-08-31 14:35:00-04:00,678.0,18.6
2025-08-31 14:40:00-04:00,677.8,18.6
2025-08-31 14:45:00-04:00,677.9,19.3
2025-08-31 14:50:00-04:00,677.7,18.5
2025-08-31 14:55:00-04:00,677.9,19.0
2025-08-31 15:00:00-04:00,677.8,18.8
2025-08-31 15:05:00-04:00,677.7,19.6
2025-08-31 15:10:00-04:00,677.8,19.9
2025-08-31 15:15:00-04:00,677.7,19.4
2025-08-31 15:20:00-04:00,677.9,18.9
2025-08-31 15:25:00-04:00,677.5,18.6
2025-08-31 15:30:00-04:00,677.6,18.8
2025-08-31 15:35:00-04:00,677.5,19.7
2025-08-31 15:40:00-04:00,677.5,19.1
2025-08-31 15:45:00-04:00,677.7,19.0
2025-08-31 15:50:00-04:00,677.6,19.3
2025-08-31 15:55:00-04:00,677.5,19.7
2025-08-31 16:00:00-04:00,677.5,19.7
2025-08-31 16:05:00-04:00,677.5,19.4
2025-08-31 16:10:00-04:00,677.6,18.7
2025-08-31 16:15:00-04:00,677.6,19.0
2025-08-31 16:20:00-04:00,677.6,18.8
2025-08-31 16:25:00-04:00,677.5,19.5
2025-08-31 16:30:00-04:00,677.6,18.7
2025-08-31 16:35:00-04:00,677.5,19.7
2025-08-31 16:40:00-04:00,677.6,19.1
2025-08-31 16:45:00-04:00,677.4,19.0
2025-08-31 16:50:00-04:00,677.4,19.1
2025-08-31 16:55:00-04:00,677.6,19.5
2025-08-31 17:00:00-04:00,677.4,18.8
2025-08-31 17:05:00-04:00,677.2,18.6
2025-08-31 17:10:00-04:00,677.4,18.7
2025-08-31 17:15:00-04:00,677.0,18.7
2025-08-31 17:20:00-04:00,677.2,18.8
2025-08-31 17:25:00-04:00,677.2,18.6
2025-08-31 17:30:00-04:00,677.3,18.3
2025-08-31 17:35:00-04:00,677.3,18.1
2025-08-31 17:40:00-04:00,677.0,18.5
2025-08-31 17:45:00-04:00,677.0,19.2
2025-08-31 17:50:00-04:00,677.0,18.8
2025-08-31 17:55:00-04:00,677.1,19.0
2025-08-31 18:00:00-04:00,676.8,18.6
2025-08-31 18:05:00-04:00,677.1,18.1
2025-08-31 18:10:00-04:00,677.2,17.6
2025-08-31 18:15:00-04:00,677.3,17.2
2025-08-31 18:20:00-04:00,677.2,17.0
2025-08-31 18:25:00-04:00,677.1,16.8
2025-08-31 18:30:00-04:00,677.4,16.0
2025-08-31 18:35:00-04:00,677.4,15.2
2025-08-31 18:40:00-04:00,677.5,14.9
2025-08-31 18:45:00-04:00,677.7,14.8
2025-08-31 18:50:00-04:00,677.7,14.4
2025-08-31 18:55:00-04:00,677.8,14.0
2025-08-31 19:00:00-04:00,678.0,13.8
2025-08-31 19:05:00-04:00,678.0,13.6
2025-08-31 19:10:00-04:00,678.2,13.4
2025-08-31 19:15:00-04:00,678.2,13.3
2025-08-31 19:20:00-04:00,678.3,13.0
2025-08-31 19:25:00-04:00,678.6,13.4
2025-08-31 19:30:00-04:00,678.6,13.2
2025-08-31 19:35:00-04:00,678.7,13.1
2025-08-31 19:40:00-04:00,678.9,12.9
2025-08-31 19:45:00-04:00,678.7,12.8
2025-08-31 19:50:00-04:00,679.0,12.6
2025-08-31 19:55:00-04:00,679.1,12.6
2025-08-31 20:00:00-04:00,679.2,12.2
2025-08-31 20:05:00-04:00,679.1,12.4
2025-08-31 20:10:00-04:00,679.3,12.3
2025-08-31 20:15:00-04:00,679.5,12.1
2025-08-31 20:20:00-04:00,679.4,12.1
2025-08-31 20:25:00-04:00,679.5,11.9
2025-08-31 20:30:00-04:00,679.4,11.6
2025-08-31 20:35:00-04:00,679.5,11.4
2025-08-31 20:40:00-04:00,679.6,11.2
2025-08-31 20:45:00-04:00,679.6,11.0
2025-08-31 20:50:00-04:00,679.8,10.8
2025-08-31 20:55:00-04:00,680.0,10.5
2025-08-31 21:00:00-04:00,679.9,10.2
2025-08-31 21:05:00-04:00,679.9,10.6
2025-08-31 21:10:00-04:00,680.1,10.9
2025-08-31 21:15:00-04:00,680.1,10.8
2025-08-31 21:20:00-04:00,680.2,10.4
2025-08-31 21:25:00-04:00,680.2,10.4
2025-08-31 21:30:00-04:00,680.1,10.4
2025-08-31 21:35:00-04:00,680.4,10.2
2025-08-31 21:40:00-04:00,680.3,10.1
2025-08-31 21:45:00-04:00,680.3,10.1
2025-08-31 21:50:00-04:00,680.5,10.3
2025-08-31 21:55:00-04:00,680.4,10.2
2025-08-31 22:00:00-04:00,680.7,10.1
2025-08-31 22:05:00-04:00,680.6,10.0
2025-08-31 22:10:00-04:00,680.7,9.7
2025-08-31 22:15:00-04:00,680.8,9.4
2025-08-31 22:20:00-04:00,680.7,9.2
2025-08-31 22:25:00-04:00,680.7,9.6
2025-08-31 22:30:00-04:00,680.9,9.6
2025-08-31 22:35:00-04:00,681.0,9.6
2025-08-31 22:40:00-04:00,680.8,9.5
2025-08-31 22:45:00-04:00,681.1,9.1
2025-08-31 22:50:00-04:00,681.1,9.0
2025-08-31 22:55:00-04:00,681.0,9.1
2025-08-31 23:00:00-04:00,681.1,9.3
2025-08-31 23:05:00-04:00,681.0,9.2
2025-08-31 23:10:00-04:00,681.1,9.0
2025-08-31 23:15:00-04:00,681.2,9.1
2025-08-31 23:20:00-04:00,681.0,9.1
2025-08-31 23:25:00-04:00,681.1,9.2
2025-08-31 23:30:00-04:00,681.1,9.1
2025-08-31 23:35:00-04:00,681.2,9.0
2025-08-31 23:40:00-04:00,681.2,8.8
2025-08-31 23:45:00-04:00,681.2,8.7
2025-08-31 23:50:00-04:00,681.3,8.7
2025-08-31 23:55:00-04:00,681.2,8.6
2025-09-01 00:00:00-04:00,681.3,8.5
2025-09-01 00:05:00-04:00,681.5,8.4
2025-09-01 00:10:00-04:00,681.3,8.2
2025-09-01 00:15:00-04:00,681.3,8.2
2025-09-01 00:20:00-04:00,681.3,8.0
2025-09-01 00:25:00-04:00,681.1,7.8
2025-09-01 00:30:00-04:00,681.1,7.7
2025-09-01 00:35:00-04:00,681.3,7.7
2025-09-01 00:40:00-04:00,681.2,7.7
2025-09-01 00:45:00-04:00,681.2,7.9
2025-09-01 00:50:00-04:00,681.2,7.7
2025-09-01 00:55:00-04:00,681.0,7.5
2025-09-01 01:00:00-04:00,681.1,7.5
2025-09-01 01:05:00-04:00,681.2,7.4
2025-09-01 01:10:00-04:00,681.1,7.3
2025-09-01 01:15:00-04:00,681.2,7.2
2025-09-01 01:20:00-04:00,681.0,7.1
2025-09-01 01:25:00-04:00,681.1,7.3
2025-09-01 01:30:00-04:00,681.0,7.2
2025-09-01 01:35:00-04:00,680.7,7.0
2025-09-01 01:40:00-04:00,681.0,7.1
2025-09-01 01:45:00-04:00,681.1,7.1
2025-09-01 01:50:00-04:00,680.9,6.8
2025-09-01 01:55:00-04:00,680.8,6.8
2025-09-01 02:00:00-04:00,681.2,6.7
2025-09-01 02:05:00-04:00,681.0,6.7
2025-09-01 02:10:00-04:00,680.9,6.6
2025-09-01 02:15:00-04:00,681.0,6.6
2025-09-01 02:20:00-04:00,680.8,6.5
2025-09-01 02:25:00-04:00,681.0,6.6
2025-09-01 02:30:00-04:00,680.9,6.6
2025-09-01 02:35:00-04:00,680.9,6.5
2025-09-01 02:40:00-04:00,680.9,6.4
2025-09-01 02:45:00-04:00,681.0,6.4
2025-09-01 02:50:00-04:00,680.8,6.4
2025-09-01 02:55:00-04:00,680.9,6.4
2025-09-01 03:00:00-04:00,681.0,6.4
2025-09-01 03:05:00-04:00,680.9,6.3
2025-09-01 03:10:00-04:00,681.0,6.4
2025-09-01 03:15:00-04:00,680.8,6.4
2025-09-01 03:20:00-04:00,680.8,6.2
2025-09-01 03:25:00-04:00,680.8,6.0
2025-09-01 03:30:00-04:00,680.9,6.0
2025-09-01 03:35:00-04:00,680.7,6.0
2025-09-01 03:40:00-04:00,680.9,6.1
2025-09-01 03:45:00-04:00,680.9,6.2
2025-09-01 03:50:00-04:00,680.9,6.4
2025-09-01 03:55:00-04:00,680.7,6.5
2025-09-01 04:00:00-04:00,680.8,6.7
2025-09-01 04:05:00-04:00,681.1,6.9
2025-09-01 04:10:00-04:00,680.8,7.0
2025-09-01 04:15:00-04:00,680.8,7.2
2025-09-01 04:20:00-04:00,680.9,7.2
2025-09-01 04:25:00-04:00,680.9,7.2
2025-09-01 04:30:00-04:00,680.9,7.2
2025-09-01 04:35:00-04:00,680.7,7.3
2025-09-01 04:40:00-04:00,680.9,7.4
2025-09-01 04:45:00-04:00,680.7,7.4
2025-09-01 04:50:00-04:00,681.1,7.4
2025-09-01 04:55:00-04:00,681.0,7.5
2025-09-01 05:00:00-04:00,681.1,7.5
2025-09-01 05:05:00-04:00,680.9,7.5
2025-09-01 05:10:00-04:00,681.2,7.6
2025-09-01 05:15:00-04:00,681.1,7.5
2025-09-01 05:20:00-04:00,681.2,7.6
2025-09-01 05:25:00-04:00,681.2,7.6
2025-09-01 05:30:00-04:00,681.2,7.6
2025-09-01 05:35:00-04:00,681.1,7.6
2025-09-01 05:40:00-04:00,681.4,7.6
2025-09-01 05:45:00-04:00,681.3,7.5
2025-09-01 05:50:00-04:00,681.4,7.5
2025-09-01 05:55:00-04:00,681.6,7.3
2025-09-01 06:00:00-04:00,681.4,7.7
2025-09-01 06:05:00-04:00,681.3,7.3
2025-09-01 06:10:00-04:00,681.3,7.3
2025-09-01 06:15:00-04:00,681.6,7.1
2025-09-01 06:20:00-04:00,681.6,7.0
2025-09-01 06:25:00-04:00,681.6,6.8
2025-09-01 06:30:00-04:00,681.5,6.6
2025-09-01 06:35:00-04:00,681.9,6.3
2025-09-01 06:40:00-04:00,681.6,6.0
2025-09-01 06:45:00-04:00,681.8,6.0
2025-09-01 06:50:00-04:00,681.9,5.9
2025-09-01 06:55:00-04:00,681.9,6.0
2025-09-01 07:00:00-04:00,681.8,6.0
2025-09-01 07:05:00-04:00,682.0,6.0
2025-09-01 07:10:00-04:00,681.9,5.9
2025-09-01 07:15:00-04:00,682.0,6.1
2025-09-01 07:20:00-04:00,682.0,6.8
2025-09-01 07:25:00-04:00,681.9,8.1
2025-09-01 07:30:00-04:00,682.0,9.3
2025-09-01 07:35:00-04:00,682.0,9.4
2025-09-01 07:40:00-04:00,682.1,9.8
2025-09-01 07:45:00-04:00,682.2,10.6
2025-09-01 07:50:00-04:00,682.2,9.2
2025-09-01 07:55:00-04:00,682.5,8.9
2025-09-01 08:00:00-04:00,682.3,8.7
2025-09-01 08:05:00-04:00,682.3,10.1
2025-09-01 08:10:00-04:00,682.3,10.7
2025-09-01 08:15:00-04:00,682.5,10.9
2025-09-01 08:20:00-04:00,682.5,12.4
2025-09-01 08:25:00-04:00,682.5,11.5
2025-09-01 08:30:00-04:00,682.5,11.9
2025-09-01 08:35:00-04:00,682.4,10.2
2025-09-01 08:40:00-04:00,682.4,10.8
2025-09-01 08:45:00-04:00,682.4,11.0
2025-09-01 08:50:00-04:00,682.6,10.6
2025-09-01 08:55:00-04:00,682.5,10.0
2025-09-01 09:00:00-04:00,682.6,10.5
2025-09-01 09:05:00-04:00,682.6,10.4
2025-09-01 09:10:00-04:00,682.7,10.4
2025-09-01 09:15:00-04:00,682.5,10.9
2025-09-01 09:20:00-04:00,682.7,11.4
2025-09-01 09:25:00-04:00,682.6,11.2
2025-09-01 09:30:00-04:00,682.6,10.3
2025-09-01 09:35:00-04:00,682.6,11.8
2025-09-01 09:40:00-04:00,682.6,11.7
2025-09-01 09:45:00-04:00,682.5,12.1
2025-09-01 09:50:00-04:00,682.4,13.8
2025-09-01 09:55:00-04:00,682.5,11.3
2025-09-01 10:00:00-04:00,682.5,11.9
2025-09-01 10:05:00-04:00,682.3,12.6
2025-09-01 10:10:00-04:00,682.4,12.0
2025-09-01 10:15:00-04:00,682.4,11.9
2025-09-01 10:20:00-04:00,682.7,12.6
2025-09-01 10:25:00-04:00,682.4,13.3
2025-09-01 10:30:00-04:00,682.6,12.4
2025-09-01 10:35:00-04:00,682.4,13.0
2025-09-01 10:40:00-04:00,682.3,13.8
2025-09-01 10:45:00-04:00,682.1,13.7
2025-09-01 10:50:00-04:00,682.1,13.7
2025-09-01 10:55:00-04:00,682.0,13.6
2025-09-01 11:00:00-04:00,682.0,13.3
2025-09-01 11:05:00-04:00,681.9,13.9
2025-09-01 11:10:00-04:00,681.9,14.5
2025-09-01 11:15:00-04:00,681.6,14.4
2025-09-01 11:20:00-04:00,681.6,14.8
2025-09-01 11:25:00-04:00,681.5,14.4
2025-09-01 11:30:00-04:00,681.5,14.6
2025-09-01 11:35:00-04:00,681.3,15.1
2025-09-01 11:40:00-04:00,681.2,15.7
2025-09-01 11:45:00-04:00,681.3,16.1
2025-09-01 11:50:00-04:00,681.1,16.1
2025-09-01 11:55:00-04:00,680.8,16.6
2025-09-01 12:00:00-04:00,680.9,16.7
2025-09-01 12:05:00-04:00,680.8,16.7
2025-09-01 12:10:00-04:00,680.7,16.0
2025-09-01 12:15:00-04:00,680.5,16.3
2025-09-01 12:20:00-04:00,680.6,16.8
2025-09-01 12:25:00-04:00,680.5,17.0
2025-09-01 12:30:00-04:00,680.3,18.3
2025-09-01 12:35:00-04:00,680.4,17.0
2025-09-01 12:40:00-04:00,680.1,16.9
2025-09-01 12:45:00-04:00,680.0,17.3
2025-09-01 12:50:00-04:00,680.0,17.3
2025-09-01 12:55:00-04:00,679.8,17.7
2025-09-01 13:00:00-04:00,679.9,18.4
2025-09-01 13:05:00-04:00,679.7,18.4
2025-09-01 13:10:00-04:00,679.7,18.5
2025-09-01 13:15:00-04:00,679.6,17.9
2025-09-01 13:20:00-04:00,679.5,18.7
2025-09-01 13:25:00-04:00,679.6,18.5
2025-09-01 13:30:00-04:00,679.5,18.5
2025-09-01 13:35:00-04:00,679.2,18.5
2025-09-01 13:40:00-04:00,679.3,18.4
2025-09-01 13:45:00-04:00,679.1,19.2
2025-09-01 13:50:00-04:00,679.2,19.1
2025-09-01 13:55:00-04:00,679.0,19.3
2025-09-01 14:00:00-04:00,678.9,19.4
2025-09-01 14:05:00-04:00,678.9,19.5
2025-09-01 14:10:00-04:00,678.7,19.7
2025-09-01 14:15:00-04:00,678.6,20.2
2025-09-01 14:20:00-04:00,678.5,19.1
2025-09-01 14:25:00-04:00,678.4,20.2
2025-09-01 14:30:00-04:00,678.3,20.0
2025-09-01 14:35:00-04:00,678.3,19.7
2025-09-01 14:40:00-04:00,678.2,19.6
2025-09-01 14:45:00-04:00,678.1,19.5
2025-09-01 14:50:00-04:00,678.1,19.7
2025-09-01 14:55:00-04:00,678.0,19.5
2025-09-01 15:00:00-04:00,678.0,19.9
2025-09-01 15:05:00-04:00,677.9,20.0
2025-09-01 15:10:00-04:00,677.9,19.8
2025-09-01 15:15:00-04:00,677.6,20.2
2025-09-01 15:20:00-04:00,677.6,21.2
2025-09-01 15:25:00-04:00,677.7,19.3
2025-09-01 15:30:00-04:00,677.6,19.3
2025-09-01 15:35:00-04:00,677.8,19.6
2025-09-01 15:40:00-04:00,677.6,20.4
2025-09-01 15:45:00-04:00,677.5,19.8
2025-09-01 15:50:00-04:00,677.6,18.9
2025-09-01 15:55:00-04:00,677.8,20.5
2025-09-01 16:00:00-04:00,677.8,20.6
2025-09-01 16:05:00-04:00,677.8,18.2
2025-09-01 16:10:00-04:00,677.7,18.4
2025-09-01 16:15:00-04:00,677.6,19.1
2025-09-01 16:20:00-04:00,677.5,19.9
2025-09-01 16:25:00-04:00,677.5,20.1
2025-09-01 16:30:00-04:00,677.5,18.8
2025-09-01 16:35:00-04:00,677.6,18.0
2025-09-01 16:40:00-04:00,677.3,18.3
2025-09-01 16:45:00-04:00,677.6,18.0
2025-09-01 16:50:00-04:00,677.6,17.8
2025-09-01 16:55:00-04:00,677.6,17.7
2025-09-01 17:00:00-04:00,677.8,18.3
2025-09-01 17:05:00-04:00,677.8,18.2
2025-09-01 17:10:00-04:00,677.8,18.6
2025-09-01 17:15:00-04:00,677.9,19.4
2025-09-01 17:20:00-04:00,678.0,19.3
2025-09-01 17:25:00-04:00,677.9,19.1
2025-09-01 17:30:00-04:00,678.0,18.9
2025-09-01 17:35:00-04:00,677.9,18.7
2025-09-01 17:40:00-04:00,677.9,17.8
2025-09-01 17:45:00-04:00,678.0,17.0
2025-09-01 17:50:00-04:00,678.1,17.3
2025-09-01 17:55:00-04:00,678.1,17.3
2025-09-01 18:00:00-04:00,678.2,16.7
2025-09-01 18:05:00-04:00,678.3,16.5
2025-09-01 18:10:00-04:00,678.4,16.0
2025-09-01 18:15:00-04:00,678.2,15.3
2025-09-01 18:20:00-04:00,678.4,15.2
2025-09-01 18:25:00-04:00,678.4,15.0
2025-09-01 18:30:00-04:00,678.4,14.9
2025-09-01 18:35:00-04:00,678.5,14.7
2025-09-01 18:40:00-04:00,678.5,14.5
2025-09-01 18:45:00-04:00,678.4,14.4
2025-09-01 18:50:00-04:00,678.7,14.3
2025-09-01 18:55:00-04:00,678.6,14.3
2025-09-01 19:00:00-04:00,678.5,14.2
2025-09-01 19:05:00-04:00,678.6,14.1
2025-09-01 19:10:00-04:00,678.7,13.9
2025-09-01 19:15:00-04:00,678.9,13.6
2025-09-01 19:20:00-04:00,679.0,13.5
2025-09-01 19:25:00-04:00,679.0,13.3
2025-09-01 19:30:00-04:00,679.2,13.2
2025-09-01 19:35:00-04:00,679.0,13.1
2025-09-01 19:40:00-04:00,679.1,12.9
2025-09-01 19:45:00-04:00,679.2,12.8
2025-09-01 19:50:00-04:00,679.3,12.6
2025-09-01 19:55:00-04:00,679.3,12.4
2025-09-01 20:00:00-04:00,679.4,12.3
2025-09-01 20:05:00-04:00,679.5,12.4
2025-09-01 20:10:00-04:00,679.5,12.3
2025-09-01 20:15:00-04:00,679.5,12.2
2025-09-01 20:20:00-04:00,679.7,11.8
2025-09-01 20:25:00-04:00,679.7,11.6
2025-09-01 20:30:00-04:00,679.7,11.6
2025-09-01 20:35:00-04:00,679.7,11.4
2025-09-01 20:40:00-04:00,679.9,11.3
2025-09-01 20:45:00-04:00,679.9,11.1
2025-09-01 20:50:00-04:00,680.2,11.0
2025-09-01 20:55:00-04:00,680.1,11.1
2025-09-01 21:00:00-04:00,680.0,11.1
2025-09-01 21:05:00-04:00,680.2,11.0
2025-09-01 21:10:00-04:00,680.1,11.0
2025-09-01 21:15:00-04:00,680.3,10.6
2025-09-01 21:20:00-04:00,680.2,10.4
2025-09-01 21:25:00-04:00,680.0,10.4
2025-09-01 21:30:00-04:00,680.2,10.4
2025-09-01 21:35:00-04:00,680.3,10.5
2025-09-01 21:40:00-04:00,680.2,10.3
2025-09-01 21:45:00-04:00,680.4,10.1
2025-09-01 21:50:00-04:00,680.5,10.0
2025-09-01 21:55:00-04:00,680.5,9.9
2025-09-01 22:00:00-04:00,680.5,9.8
2025-09-01 22:05:00-04:00,680.7,9.7
2025-09-01 22:10:00-04:00,680.5,9.7
2025-09-01 22:15:00-04:00,680.6,9.7
2025-09-01 22:20:00-04:00,680.8,9.7
2025-09-01 22:25:00-04:00,680.7,9.6
2025-09-01 22:30:00-04:00,680.9,9.5
2025-09-01 22:35:00-04:00,681.0,9.4
2025-09-01 22:40:00-04:00,681.1,9.3
2025-09-01 22:45:00-04:00,681.1,9.4
2025-09-01 22:50:00-04:00,681.2,9.2
2025-09-01 22:55:00-04:00,681.3,9.1
2025-09-01 23:00:00-04:00,681.3,9.2
2025-09-01 23:05:00-04:00,681.6,9.2
2025-09-01 23:10:00-04:00,681.4,9.2
2025-09-01 23:15:00-04:00,681.4,9.2
2025-09-01 23:20:00-04:00,681.5,9.1
2025-09-01 23:25:00-04:00,681.4,9.2
2025-09-01 23:30:00-04:00,681.7,9.0
2025-09-01 23:35:00-04:00,681.8,8.8
2025-09-01 23:40:00-04:00,681.6,8.9
2025-09-01 23:45:00-04:00,681.5,8.9
2025-09-01 23:50:00-04:00,681.6,8.9
2025-09-01 23:55:00-04:00,681.7,8.7
