Fecha,Hora,Dato
2025-08-29,00:00:00,681.0
2025-08-29,00:05:00,680.9
2025-08-29,00:10:00,681.0
2025-08-29,00:15:00,681.0
2025-08-29,00:20:00,680.8
2025-08-29,00:25:00,680.7
2025-08-29,00:30:00,681.0
2025-08-29,00:35:00,680.9
2025-08-29,00:40:00,680.9
2025-08-29,00:45:00,680.8
2025-08-29,00:50:00,680.9
2025-08-29,00:55:00,681.0
2025-08-29,01:00:00,681.0
2025-08-29,01:05:00,680.9
2025-08-29,01:10:00,681.0
2025-08-29,01:15:00,680.9
2025-08-29,01:20:00,680.9
2025-08-29,01:25:00,681.0
2025-08-29,01:30:00,681.0
2025-08-29,01:35:00,681.2
2025-08-29,01:40:00,681.1
2025-08-29,01:45:00,680.9
2025-08-29,01:50:00,680.9
2025-08-29,01:55:00,680.9
2025-08-29,02:00:00,680.8
2025-08-29,02:05:00,680.7
2025-08-29,02:10:00,680.8
2025-08-29,02:15:00,680.6
2025-08-29,02:20:00,680.5
2025-08-29,02:25:00,680.7
2025-08-29,02:30:00,680.6
2025-08-29,02:35:00,680.5
2025-08-29,02:40:00,680.3
2025-08-29,02:45:00,680.4
2025-08-29,02:50:00,680.6
2025-08-29,02:55:00,680.4
2025-08-29,03:00:00,680.4
2025-08-29,03:05:00,680.3
2025-08-29,03:10:00,680.1
2025-08-29,03:15:00,680.3
2025-08-29,03:20:00,680.2
2025-08-29,03:25:00,680.1
2025-08-29,03:30:00,680.2
2025-08-29,03:35:00,679.9
2025-08-29,03:40:00,680.0
2025-08-29,03:45:00,680.1
2025-08-29,03:50:00,679.9
2025-08-29,03:55:00,680.1
2025-08-29,04:00:00,680.0
2025-08-29,04:05:00,680.1
2025-08-29,04:10:00,679.9
2025-08-29,04:15:00,679.9
2025-08-29,04:20:00,679.8
2025-08-29,04:25:00,679.7
2025-08-29,04:30:00,679.9
2025-08-29,04:35:00,679.8
2025-08-29,04:40:00,679.6
2025-08-29,04:45:00,679.7
2025-08-29,04:50:00,679.6
2025-08-29,04:55:00,679.7
2025-08-29,05:00:00,679.8
2025-08-29,05:05:00,679.8
2025-08-29,05:10:00,679.8
2025-08-29,05:15:00,679.8
2025-08-29,05:20:00,679.8
2025-08-29,05:25:00,679.8
2025-08-29,05:30:00,679.8
2025-08-29,05:35:00,679.8
2025-08-29,05:40:00,679.9
2025-08-29,05:45:00,680.0
2025-08-29,05:50:00,680.0
2025-08-29,05:55:00,680.1
2025-08-29,06:00:00,680.1
2025-08-29,06:05:00,680.0
2025-08-29,06:10:00,680.2
2025-08-29,06:15:00,680.2
2025-08-29,06:20:00,680.1
2025-08-29,06:25:00,680.2
2025-08-29,06:30:00,680.2
2025-08-29,06:35:00,680.3
2025-08-29,06:40:00,680.2
2025-08-29,06:45:00,680.4
2025-08-29,06:50:00,680.7
2025-08-29,06:55:00,680.5
2025-08-29,07:00:00,680.6
2025-08-29,07:05:00,680.6
2025-08-29,07:10:00,680.7
2025-08-29,07:15:00,680.6
2025-08-29,07:20:00,680.6
2025-08-29,07:25:00,680.6
2025-08-29,07:30:00,680.9
2025-08-29,07:35:00,680.8
2025-08-29,07:40:00,680.8
2025-08-29,07:45:00,680.9
2025-08-29,07:50:00,681.0
2025-08-29,07:55:00,680.9
2025-08-29,08:00:00,680.9
2025-08-29,08:05:00,680.9
2025-08-29,08:10:00,681.0
2025-08-29,08:15:00,681.0
2025-08-29,08:20:00,681.0
2025-08-29,08:25:00,681.0
2025-08-29,08:30:00,681.1
2025-08-29,08:35:00,681.2
2025-08-29,08:40:00,681.1
2025-08-29,08:45:00,681.1
2025-08-29,08:50:00,681.0
2025-08-29,08:55:00,681.1
2025-08-29,09:00:00,681.1
2025-08-29,09:05:00,681.2
2025-08-29,09:10:00,681.2
2025-08-29,09:15:00,681.2
2025-08-29,09:20:00,681.2
2025-08-29,09:25:00,681.0
2025-08-29,09:30:00,681.1
2025-08-29,09:35:00,681.1
2025-08-29,09:40:00,681.0
2025-08-29,09:45:00,681.0
2025-08-29,09:50:00,681.0
2025-08-29,09:55:00,681.1
2025-08-29,10:00:00,681.0
2025-08-29,10:05:00,681.0
2025-08-29,10:10:00,680.8
2025-08-29,10:15:00,680.9
2025-08-29,10:20:00,680.9
2025-08-29,10:25:00,680.7
2025-08-29,10:30:00,680.7
2025-08-29,10:35:00,680.6
2025-08-29,10:40:00,680.4
2025-08-29,10:45:00,680.7
2025-08-29,10:50:00,680.4
2025-08-29,10:55:00,680.5
2025-08-29,11:00:00,680.3
2025-08-29,11:05:00,680.3
2025-08-29,11:10:00,680.2
2025-08-29,11:15:00,680.2
2025-08-29,11:20:00,680.0
2025-08-29,11:25:00,680.0
2025-08-29,11:30:00,679.6
2025-08-29,11:35:00,679.7
2025-08-29,11:40:00,679.5
2025-08-29,11:45:00,679.5
2025-08-29,11:50:00,679.4
2025-08-29,11:55:00,679.1
2025-08-29,12:00:00,679.2
2025-08-29,12:05:00,678.8
2025-08-29,12:10:00,679.0
2025-08-29,12:15:00,678.7
2025-08-29,12:20:00,678.7
2025-08-29,12:25:00,678.5
2025-08-29,12:30:00,678.5
2025-08-29,12:35:00,678.4
2025-08-29,12:40:00,678.5
2025-08-29,12:45:00,678.2
2025-08-29,12:50:00,678.1
2025-08-29,12:55:00,678.0
2025-08-29,13:00:00,677.9
2025-08-29,13:05:00,677.8
2025-08-29,13:10:00,678.0
2025-08-29,13:15:00,677.7
2025-08-29,13:20:00,677.6
2025-08-29,13:25:00,677.8
2025-08-29,13:30:00,677.6
2025-08-29,13:35:00,677.6
2025-08-29,13:40:00,677.4
2025-08-29,13:45:00,677.4
2025-08-29,13:50:00,677.3
2025-08-29,13:55:00,677.3
2025-08-29,14:00:00,677.3
2025-08-29,14:05:00,676.9
2025-08-29,14:10:00,677.0
2025-08-29,14:15:00,676.9
2025-08-29,14:20:00,676.7
2025-08-29,14:25:00,676.8
2025-08-29,14:30:00,676.8
2025-08-29,14:35:00,676.7
2025-08-29,14:40:00,676.5
2025-08-29,14:45:00,676.7
2025-08-29,14:50:00,676.3
2025-08-29,14:55:00,676.5
2025-08-29,15:00:00,676.4
2025-08-29,15:05:00,676.3
2025-08-29,15:10:00,676.2
2025-08-29,15:15:00,676.3
2025-08-29,15:20:00,676.1
2025-08-29,15:25:00,676.2
2025-08-29,15:30:00,676.0
2025-08-29,15:35:00,676.0
2025-08-29,15:40:00,676.0
2025-08-29,15:45:00,675.9
2025-08-29,15:50:00,675.7
2025-08-29,15:55:00,675.9
2025-08-29,16:00:00,675.8
2025-08-29,16:05:00,675.8
2025-08-29,16:10:00,675.8
2025-08-29,16:15:00,675.7
2025-08-29,16:20:00,675.7
2025-08-29,16:25:00,675.5
2025-08-29,16:30:00,675.7
2025-08-29,16:35:00,675.7
2025-08-29,16:40:00,675.8
2025-08-29,16:45:00,675.5
2025-08-29,16:50:00,675.6
2025-08-29,16:55:00,675.6
2025-08-29,17:00:00,675.6
2025-08-29,17:05:00,675.5
2025-08-29,17:10:00,675.6
2025-08-29,17:15:00,675.6
2025-08-29,17:20:00,675.7
2025-08-29,17:25:00,675.9
2025-08-29,17:30:00,675.7
2025-08-29,17:35:00,675.9
2025-08-29,17:40:00,676.1
2025-08-29,17:45:00,676.1
2025-08-29,17:50:00,676.0
2025-08-29,17:55:00,676.1
2025-08-29,18:00:00,676.1
2025-08-29,18:05:00,676.0
2025-08-29,18:10:00,676.2
2025-08-29,18:15:00,676.1
2025-08-29,18:20:00,676.1
2025-08-29,18:25:00,676.1
2025-08-29,18:30:00,676.2
2025-08-29,18:35:00,676.2
2025-08-29,18:40:00,676.2
2025-08-29,18:45:00,676.3
2025-08-29,18:50:00,676.4
2025-08-29,18:55:00,676.4
2025-08-29,19:00:00,676.6
2025-08-29,19:05:00,676.6
2025-08-29,19:10:00,676.7
2025-08-29,19:15:00,676.7
2025-08-29,19:20:00,676.6
2025-08-29,19:25:00,676.9
2025-08-29,19:30:00,676.9
2025-08-29,19:35:00,676.9
2025-08-29,19:40:00,677.1
2025-08-29,19:45:00,677.1
2025-08-29,19:50:00,677.3
2025-08-29,19:55:00,677.3
2025-08-29,20:00:00,677.3
2025-08-29,20:05:00,677.5
2025-08-29,20:10:00,677.5
2025-08-29,20:15:00,677.5
2025-08-29,20:20:00,677.6
2025-08-29,20:25:00,677.6
2025-08-29,20:30:00,677.7
2025-08-29,20:35:00,677.7
2025-08-29,20:40:00,677.9
2025-08-29,20:45:00,678.1
2025-08-29,20:50:00,678.0
2025-08-29,20:55:00,678.1
2025-08-29,21:00:00,678.2
2025-08-29,21:05:00,678.2
2025-08-29,21:10:00,678.5
2025-08-29,21:15:00,678.4
2025-08-29,21:20:00,678.8
2025-08-29,21:25:00,678.7
2025-08-29,21:30:00,678.7
2025-08-29,21:35:00,678.9
2025-08-29,21:40:00,678.9
2025-08-29,21:45:00,679.1
2025-08-29,21:50:00,679.2
2025-08-29,21:55:00,679.1
2025-08-29,22:00:00,679.2
2025-08-29,22:05:00,679.5
2025-08-29,22:10:00,679.2
2025-08-29,22:15:00,679.3
2025-08-29,22:20:00,679.3
2025-08-29,22:25:00,679.4
2025-08-29,22:30:00,679.5
2025-08-29,22:35:00,679.6
2025-08-29,22:40:00,679.5
2025-08-29,22:45:00,679.7
2025-08-29,22:50:00,679.8
2025-08-29,22:55:00,679.6
2025-08-29,23:00:00,679.7
2025-08-29,23:05:00,679.9
2025-08-29,23:10:00,680.0
2025-08-29,23:15:00,679.9
2025-08-29,23:20:00,680.5
2025-08-29,23:25:00,680.6
2025-08-29,23:30:00,680.8
2025-08-29,23:35:00,680.8
2025-08-29,23:40:00,681.0
2025-08-29,23:45:00,681.2
2025-08-29,23:50:00,680.8
2025-08-29,23:55:00,681.0
2025-08-30,00:00:00,681.0
2025-08-30,00:05:00,680.8
2025-08-30,00:10:00,680.8
2025-08-30,00:15:00,681.0
2025-08-30,00:20:00,680.7
2025-08-30,00:25:00,680.9
2025-08-30,00:30:00,681.0
2025-08-30,00:35:00,680.9
2025-08-30,00:40:00,681.1
2025-08-30,00:45:00,681.0
2025-08-30,00:50:00,681.0
2025-08-30,00:55:00,680.9
2025-08-30,01:00:00,681.1
2025-08-30,01:05:00,680.9
2025-08-30,01:10:00,681.0
2025-08-30,01:15:00,681.0
2025-08-30,01:20:00,681.1
2025-08-30,01:25:00,681.0
2025-08-30,01:30:00,680.9
2025-08-30,01:35:00,681.0
2025-08-30,01:40:00,681.0
2025-08-30,01:45:00,681.0
2025-08-30,01:50:00,681.1
2025-08-30,01:55:00,681.1
2025-08-30,02:00:00,680.7
2025-08-30,02:05:00,680.5
2025-08-30,02:10:00,680.4
2025-08-30,02:15:00,680.7
2025-08-30,02:20:00,680.9
2025-08-30,02:25:00,680.8
2025-08-30,02:30:00,680.7
2025-08-30,02:35:00,680.7
2025-08-30,02:40:00,680.8
2025-08-30,02:45:00,680.6
2025-08-30,02:50:00,680.6
2025-08-30,02:55:00,680.4
2025-08-30,03:00:00,680.7
2025-08-30,03:05:00,680.3
2025-08-30,03:10:00,680.3
2025-08-30,03:15:00,680.3
2025-08-30,03:20:00,680.3
2025-08-30,03:25:00,680.1
2025-08-30,03:30:00,680.2
2025-08-30,03:35:00,680.1
2025-08-30,03:40:00,680.0
2025-08-30,03:45:00,679.8
2025-08-30,03:50:00,679.8
2025-08-30,03:55:00,679.7
2025-08-30,04:00:00,679.7
2025-08-30,04:05:00,679.8
2025-08-30,04:10:00,680.0
2025-08-30,04:15:00,680.0
2025-08-30,04:20:00,679.8
2025-08-30,04:25:00,679.9
2025-08-30,04:30:00,679.9
2025-08-30,04:35:00,679.9
2025-08-30,04:40:00,680.1
2025-08-30,04:45:00,680.0
2025-08-30,04:50:00,679.8
2025-08-30,04:55:00,680.1
2025-08-30,05:00:00,680.0
2025-08-30,05:05:00,679.8
2025-08-30,05:10:00,680.0
2025-08-30,05:15:00,680.0
2025-08-30,05:20:00,679.8
2025-08-30,05:25:00,680.0
2025-08-30,05:30:00,680.0
2025-08-30,05:35:00,680.0
2025-08-30,05:40:00,680.0
2025-08-30,05:45:00,680.2
2025-08-30,05:50:00,680.4
2025-08-30,05:55:00,680.4
2025-08-30,06:00:00,680.2
2025-08-30,06:05:00,680.4
2025-08-30,06:10:00,680.3
2025-08-30,06:15:00,680.3
2025-08-30,06:20:00,680.2
2025-08-30,06:25:00,680.3
2025-08-30,06:30:00,680.4
2025-08-30,06:35:00,680.3
2025-08-30,06:40:00,680.3
2025-08-30,06:45:00,680.3
2025-08-30,06:50:00,680.2
2025-08-30,06:55:00,680.2
2025-08-30,07:00:00,680.3
2025-08-30,07:05:00,680.3
2025-08-30,07:10:00,680.3
2025-08-30,07:15:00,680.3
2025-08-30,07:20:00,680.1
2025-08-30,07:25:00,680.2
2025-08-30,07:30:00,680.4
2025-08-30,07:35:00,680.3
2025-08-30,07:40:00,680.2
2025-08-30,07:45:00,680.1
2025-08-30,07:50:00,680.3
2025-08-30,07:55:00,680.4
2025-08-30,08:00:00,680.4
2025-08-30,08:05:00,680.2
2025-08-30,08:10:00,680.2
2025-08-30,08:15:00,680.2
2025-08-30,08:20:00,680.2
2025-08-30,08:25:00,680.2
2025-08-30,08:30:00,680.1
2025-08-30,08:35:00,680.1
2025-08-30,08:40:00,680.2
2025-08-30,08:45:00,680.1
2025-08-30,08:50:00,680.1
2025-08-30,08:55:00,680.3
2025-08-30,09:00:00,680.2
2025-08-30,09:05:00,680.1
2025-08-30,09:10:00,680.2
2025-08-30,09:15:00,680.3
2025-08-30,09:20:00,680.2
2025-08-30,09:25:00,680.2
2025-08-30,09:30:00,680.2
2025-08-30,09:35:00,680.3
2025-08-30,09:40:00,680.3
2025-08-30,09:45:00,680.2
2025-08-30,09:50:00,680.3
2025-08-30,09:55:00,680.5
2025-08-30,10:00:00,680.5
2025-08-30,10:05:00,680.3
2025-08-30,10:10:00,680.3
2025-08-30,10:15:00,680.3
2025-08-30,10:20:00,680.2
2025-08-30,10:25:00,680.2
2025-08-30,10:30:00,680.0
2025-08-30,10:35:00,680.0
2025-08-30,10:40:00,680.2
2025-08-30,10:45:00,680.2
2025-08-30,10:50:00,679.9
2025-08-30,10:55:00,679.9
2025-08-30,11:00:00,680.0
2025-08-30,11:05:00,679.9
2025-08-30,11:10:00,679.9
2025-08-30,11:15:00,680.0
2025-08-30,11:20:00,679.8
2025-08-30,11:25:00,680.1
2025-08-30,11:30:00,679.9
2025-08-30,11:35:00,680.0
2025-08-30,11:40:00,679.8
2025-08-30,11:45:00,679.8
2025-08-30,11:50:00,679.4
2025-08-30,12:49:00,
2025-08-30,12:50:00,679.0
2025-08-30,12:55:00,678.6
2025-08-30,13:00:00,678.8
2025-08-30,13:05:00,679.1
2025-08-30,13:10:00,679.1
2025-08-30,13:15:00,678.8
2025-08-30,13:20:00,678.7
2025-08-30,13:25:00,678.8
2025-08-30,13:30:00,678.7
2025-08-30,13:35:00,678.5
2025-08-30,13:40:00,678.6
2025-08-30,13:45:00,678.4
2025-08-30,13:50:00,678.4
2025-08-30,13:55:00,678.2
2025-08-30,14:00:00,678.0
2025-08-30,14:05:00,677.9
2025-08-30,14:10:00,677.9
2025-08-30,14:15:00,677.7
2025-08-30,14:20:00,677.7
2025-08-30,14:25:00,677.8
2025-08-30,14:30:00,677.7
2025-08-30,14:35:00,677.4
2025-08-30,14:40:00,677.5
2025-08-30,14:45:00,677.3
2025-08-30,14:50:00,677.2
2025-08-30,14:55:00,677.1
2025-08-30,15:00:00,676.9
2025-08-30,15:05:00,677.0
2025-08-30,15:10:00,677.0
2025-08-30,15:15:00,676.7
2025-08-30,15:20:00,676.7
2025-08-30,15:25:00,676.6
2025-08-30,15:30:00,676.8
2025-08-30,15:35:00,676.6
2025-08-30,15:40:00,676.6
2025-08-30,15:45:00,676.5
2025-08-30,15:50:00,676.6
2025-08-30,15:55:00,676.5
2025-08-30,16:00:00,676.5
2025-08-30,16:05:00,676.3
2025-08-30,16:10:00,676.5
2025-08-30,16:15:00,676.1
2025-08-30,16:20:00,676.1
2025-08-30,16:25:00,676.2
2025-08-30,16:30:00,676.2
2025-08-30,16:35:00,676.1
2025-08-30,16:40:00,676.0
2025-08-30,16:45:00,676.1
2025-08-30,16:50:00,675.9
2025-08-30,16:55:00,676.1
2025-08-30,17:00:00,675.8
2025-08-30,17:05:00,675.9
2025-08-30,17:10:00,675.9
2025-08-30,17:15:00,676.1
2025-08-30,17:20:00,675.9
2025-08-30,17:25:00,676.0
2025-08-30,17:30:00,675.9
2025-08-30,17:35:00,675.9
2025-08-30,17:40:00,676.0
2025-08-30,17:45:00,675.8
2025-08-30,17:50:00,675.9
2025-08-30,17:55:00,675.9
2025-08-30,18:00:00,675.9
2025-08-30,18:05:00,675.9
2025-08-30,18:10:00,675.9
2025-08-30,18:15:00,675.9
2025-08-30,18:20:00,676.0
2025-08-30,18:25:00,676.1
2025-08-30,18:30:00,675.8
2025-08-30,18:35:00,676.1
2025-08-30,18:40:00,676.2
2025-08-30,18:45:00,676.4
2025-08-30,18:50:00,676.6
2025-08-30,18:55:00,676.4
2025-08-30,19:00:00,676.5
2025-08-30,19:05:00,676.8
2025-08-30,19:10:00,676.8
2025-08-30,19:15:00,676.8
2025-08-30,19:20:00,676.8
2025-08-30,19:25:00,676.9
2025-08-30,19:30:00,677.0
2025-08-30,19:35:00,676.9
2025-08-30,19:40:00,677.1
2025-08-30,19:45:00,677.2
2025-08-30,19:50:00,677.3
2025-08-30,19:55:00,677.4
2025-08-30,20:00:00,677.4
2025-08-30,20:05:00,677.4
2025-08-30,20:10:00,677.7
2025-08-30,20:15:00,677.6
2025-08-30,20:20:00,677.7
2025-08-30,20:25:00,677.9
2025-08-30,20:30:00,677.8
2025-08-30,20:35:00,678.0
2025-08-30,20:40:00,678.1
2025-08-30,20:45:00,678.4
2025-08-30,20:50:00,678.6
2025-08-30,20:55:00,678.6
2025-08-30,21:00:00,678.7
2025-08-30,21:05:00,678.9
2025-08-30,21:10:00,678.9
2025-08-30,21:15:00,679.1
2025-08-30,21:20:00,679.0
2025-08-30,21:25:00,679.1
2025-08-30,21:30:00,679.3
2025-08-30,21:35:00,679.5
2025-08-30,21:40:00,679.4
2025-08-30,21:45:00,679.5
2025-08-30,21:50:00,679.4
2025-08-30,21:55:00,679.7
2025-08-30,22:00:00,679.8
2025-08-30,22:05:00,679.8
2025-08-30,22:10:00,679.9
2025-08-30,22:15:00,680.0
2025-08-30,22:20:00,680.0
2025-08-30,22:25:00,680.2
2025-08-30,22:30:00,680.1
2025-08-30,22:35:00,680.2
2025-08-30,22:40:00,680.1
2025-08-30,22:45:00,680.1
2025-08-30,22:50:00,680.4
2025-08-30,22:55:00,680.3
2025-08-30,23:00:00,680.3
2025-08-30,23:05:00,680.3
2025-08-30,23:10:00,680.4
2025-08-30,23:15:00,680.5
2025-08-30,23:20:00,680.5
2025-08-30,23:25:00,680.5
2025-08-30,23:30:00,680.4
2025-08-30,23:35:00,680.6
2025-08-30,23:40:00,680.6
2025-08-30,23:45:00,680.7
2025-08-30,23:50:00,680.5
2025-08-30,23:55:00,680.4
2025-08-31,00:00:00,680.7
2025-08-31,00:05:00,680.6
2025-08-31,00:10:00,680.5
2025-08-31,00:15:00,680.6
2025-08-31,00:20:00,680.3
2025-08-31,00:25:00,680.4
2025-08-31,00:30:00,680.5
2025-08-31,00:35:00,680.4
2025-08-31,00:40:00,680.4
2025-08-31,00:45:00,680.5
2025-08-31,00:50:00,680.5
2025-08-31,00:55:00,680.4
2025-08-31,01:00:00,680.5
2025-08-31,01:05:00,680.3
2025-08-31,01:10:00,680.2
2025-08-31,01:15:00,680.2
2025-08-31,01:20:00,680.3
2025-08-31,01:25:00,680.2
2025-08-31,01:30:00,680.1
2025-08-31,01:35:00,680.0
2025-08-31,01:40:00,680.0
2025-08-31,01:45:00,680.1
2025-08-31,01:50:00,679.9
2025-08-31,01:55:00,679.9
2025-08-31,02:00:00,679.9
2025-08-31,02:05:00,679.8
2025-08-31,02:10:00,679.7
2025-08-31,02:15:00,679.7
2025-08-31,02:20:00,679.8
2025-08-31,02:25:00,679.6
2025-08-31,02:30:00,679.6
2025-08-31,02:35:00,679.5
2025-08-31,02:40:00,679.4
2025-08-31,02:45:00,679.5
2025-08-31,02:50:00,679.5
2025-08-31,02:55:00,679.7
2025-08-31,03:00:00,679.5
2025-08-31,03:05:00,679.5
2025-08-31,03:10:00,679.6
2025-08-31,03:15:00,679.6
2025-08-31,03:20:00,679.5
2025-08-31,03:25:00,679.5
2025-08-31,03:30:00,679.7
2025-08-31,03:35:00,679.6
2025-08-31,03:40:00,679.8
2025-08-31,03:45:00,679.6
2025-08-31,03:50:00,679.9
2025-08-31,03:55:00,679.8
2025-08-31,04:00:00,679.9
2025-08-31,04:05:00,679.9
2025-08-31,04:10:00,680.0
2025-08-31,04:15:00,680.0
2025-08-31,04:20:00,679.9
2025-08-31,04:25:00,680.2
2025-08-31,04:30:00,680.0
2025-08-31,04:35:00,680.0
2025-08-31,04:40:00,680.1
2025-08-31,04:45:00,680.2
2025-08-31,04:50:00,680.0
2025-08-31,04:55:00,680.1
2025-08-31,05:00:00,680.2
2025-08-31,05:05:00,680.1
2025-08-31,05:10:00,680.1
2025-08-31,05:15:00,680.1
2025-08-31,05:20:00,680.2
2025-08-31,05:25:00,680.1
2025-08-31,05:30:00,680.1
2025-08-31,05:35:00,680.2
2025-08-31,05:40:00,680.3
2025-08-31,05:45:00,680.2
2025-08-31,05:50:00,680.3
2025-08-31,05:55:00,680.2
2025-08-31,06:00:00,680.4
2025-08-31,06:05:00,680.5
2025-08-31,06:10:00,680.5
2025-08-31,06:15:00,680.5
2025-08-31,06:20:00,680.5
2025-08-31,06:25:00,680.7
2025-08-31,06:30:00,680.8
2025-08-31,06:35:00,680.8
2025-08-31,06:40:00,681.0
2025-08-31,06:45:00,680.9
2025-08-31,06:50:00,681.0
2025-08-31,06:55:00,681.0
2025-08-31,07:00:00,681.0
2025-08-31,07:05:00,681.0
2025-08-31,07:10:00,681.1
2025-08-31,07:15:00,681.1
2025-08-31,07:20:00,681.1
2025-08-31,07:25:00,681.3
2025-08-31,07:30:00,681.3
2025-08-31,07:35:00,681.3
2025-08-31,07:40:00,681.4
2025-08-31,07:45:00,681.4
2025-08-31,07:50:00,681.5
2025-08-31,07:55:00,681.5
2025-08-31,08:00:00,681.5
2025-08-31,08:05:00,681.4
2025-08-31,08:10:00,681.5
2025-08-31,08:15:00,681.6
2025-08-31,08:20:00,681.7
2025-08-31,08:25:00,681.7
2025-08-31,08:30:00,681.6
2025-08-31,08:35:00,681.6
2025-08-31,08:40:00,681.5
2025-08-31,08:45:00,681.7
2025-08-31,08:50:00,681.8
2025-08-31,08:55:00,681.6
2025-08-31,09:00:00,681.6
2025-08-31,09:05:00,681.6
2025-08-31,09:10:00,681.6
2025-08-31,09:15:00,681.4
2025-08-31,09:20:00,681.6
2025-08-31,09:25:00,681.5
2025-08-31,09:30:00,681.8
2025-08-31,09:35:00,681.7
2025-08-31,09:40:00,681.6
2025-08-31,09:45:00,681.7
2025-08-31,09:50:00,681.7
2025-08-31,09:55:00,681.6
2025-08-31,10:00:00,681.5
2025-08-31,10:05:00,681.4
2025-08-31,10:10:00,681.2
2025-08-31,10:15:00,681.4
2025-08-31,10:20:00,681.4
2025-08-31,10:25:00,681.5
2025-08-31,10:30:00,681.3
2025-08-31,10:35:00,681.4
2025-08-31,10:40:00,681.2
2025-08-31,10:45:00,681.3
2025-08-31,10:50:00,681.2
2025-08-31,10:55:00,681.1
2025-08-31,11:00:00,681.0
2025-08-31,11:05:00,681.2
2025-08-31,11:10:00,681.0
2025-08-31,11:15:00,680.8
2025-08-31,11:20:00,680.9
2025-08-31,11:25:00,680.8
2025-08-31,11:30:00,680.7
2025-08-31,11:35:00,680.7
2025-08-31,11:40:00,680.7
2025-08-31,11:45:00,680.6
2025-08-31,11:50:00,680.5
2025-08-31,11:55:00,680.4
2025-08-31,12:00:00,680.4
2025-08-31,12:05:00,680.3
2025-08-31,12:10:00,680.3
2025-08-31,12:15:00,680.2
2025-08-31,12:20:00,680.1
2025-08-31,12:25:00,680.1
2025-08-31,12:30:00,680.1
2025-08-31,12:35:00,679.8
2025-08-31,12:40:00,679.9
2025-08-31,12:45:00,679.9
2025-08-31,12:50:00,679.7
2025-08-31,12:55:00,679.7
2025-08-31,13:00:00,679.5
2025-08-31,13:05:00,679.6
2025-08-31,13:10:00,679.6
2025-08-31,13:15:00,679.2
2025-08-31,13:20:00,679.4
2025-08-31,13:25:00,679.2
2025-08-31,13:30:00,679.1
2025-08-31,13:35:00,679.2
2025-08-31,13:40:00,679.1
2025-08-31,13:45:00,678.8
2025-08-31,13:50:00,678.9
2025-08-31,13:55:00,678.7
2025-08-31,14:00:00,678.7
2025-08-31,14:05:00,678.7
2025-08-31,14:10:00,678.5
2025-08-31,14:15:00,678.3
2025-08-31,14:20:00,678.3
2025-08-31,14:25:00,678.2
2025-08-31,14:30:00,678.2
2025-08-31,14:35:00,678.0
2025-08-31,14:40:00,677.8
2025-08-31,14:45:00,677.9
2025-08-31,14:50:00,677.7
2025-08-31,14:55:00,677.9
2025-08-31,15:00:00,677.8
2025-08-31,15:05:00,677.7
2025-08-31,15:10:00,677.8
2025-08-31,15:15:00,677.7
2025-08-31,15:20:00,677.9
2025-08-31,15:25:00,677.5
2025-08-31,15:30:00,677.6
2025-08-31,15:35:00,677.5
2025-08-31,15:40:00,677.5
2025-08-31,15:45:00,677.7
2025-08-31,15:50:00,677.6
2025-08-31,15:55:00,677.5
2025-08-31,16:00:00,677.5
2025-08-31,16:05:00,677.5
2025-08-31,16:10:00,677.6
2025-08-31,16:15:00,677.6
2025-08-31,16:20:00,677.6
2025-08-31,16:25:00,677.5
2025-08-31,16:30:00,677.6
2025-08-31,16:35:00,677.5
2025-08-31,16:40:00,677.6
2025-08-31,16:45:00,677.4
2025-08-31,16:50:00,677.4
2025-08-31,16:55:00,677.6
2025-08-31,17:00:00,677.4
2025-08-31,17:05:00,677.2
2025-08-31,17:10:00,677.4
2025-08-31,17:15:00,677.0
2025-08-31,17:20:00,677.2
2025-08-31,17:25:00,677.2
2025-08-31,17:30:00,677.3
2025-08-31,17:35:00,677.3
2025-08-31,17:40:00,677.0
2025-08-31,17:45:00,677.0
2025-08-31,17:50:00,677.0
2025-08-31,17:55:00,677.1
2025-08-31,18:00:00,676.8
2025-08-31,18:05:00,677.1
2025-08-31,18:10:00,677.2
2025-08-31,18:15:00,677.3
2025-08-31,18:20:00,677.2
2025-08-31,18:25:00,677.1
2025-08-31,18:30:00,677.4
2025-08-31,18:35:00,677.4
2025-08-31,18:40:00,677.5
2025-08-31,18:45:00,677.7
2025-08-31,18:50:00,677.7
2025-08-31,18:55:00,677.8
2025-08-31,19:00:00,678.0
2025-08-31,19:05:00,678.0
2025-08-31,19:10:00,678.2
2025-08-31,19:15:00,678.2
2025-08-31,19:20:00,678.3
2025-08-31,19:25:00,678.6
2025-08-31,19:30:00,678.6
2025-08-31,19:35:00,678.7
2025-08-31,19:40:00,678.9
2025-08-31,19:45:00,678.7
2025-08-31,19:50:00,679.0
2025-08-31,19:55:00,679.1
2025-08-31,20:00:00,679.2
2025-08-31,20:05:00,679.1
2025-08-31,20:10:00,679.3
2025-08-31,20:15:00,679.5
2025-08-31,20:20:00,679.4
2025-08-31,20:25:00,679.5
2025-08-31,20:30:00,679.4
2025-08-31,20:35:00,679.5
2025-08-31,20:40:00,679.6
2025-08-31,20:45:00,679.6
2025-08-31,20:50:00,679.8
2025-08-31,20:55:00,680.0
2025-08-31,21:00:00,679.9
2025-08-31,21:05:00,679.9
2025-08-31,21:10:00,680.1
2025-08-31,21:15:00,680.1
2025-08-31,21:20:00,680.2
2025-08-31,21:25:00,680.2
2025-08-31,21:30:00,680.1
2025-08-31,21:35:00,680.4
2025-08-31,21:40:00,680.3
2025-08-31,21:45:00,680.3
2025-08-31,21:50:00,680.5
2025-08-31,21:55:00,680.4
2025-08-31,22:00:00,680.7
2025-08-31,22:05:00,680.6
2025-08-31,22:10:00,680.7
2025-08-31,22:15:00,680.8
2025-08-31,22:20:00,680.7
2025-08-31,22:25:00,680.7
2025-08-31,22:30:00,680.9
2025-08-31,22:35:00,681.0
2025-08-31,22:40:00,680.8
2025-08-31,22:45:00,681.1
2025-08-31,22:50:00,681.1
2025-08-31,22:55:00,681.0
2025-08-31,23:00:00,681.1
2025-08-31,23:05:00,681.0
2025-08-31,23:10:00,681.1
2025-08-31,23:15:00,681.2
2025-08-31,23:20:00,681.0
2025-08-31,23:25:00,681.1
2025-08-31,23:30:00,681.1
2025-08-31,23:35:00,681.2
2025-08-31,23:40:00,681.2
2025-08-31,23:45:00,681.2
2025-08-31,23:50:00,681.3
2025-08-31,23:55:00,681.2
2025-09-01,00:00:00,681.3
2025-09-01,00:05:00,681.5
2025-09-01,00:10:00,681.3
2025-09-01,00:15:00,681.3
2025-09-01,00:20:00,681.3
2025-09-01,00:25:00,681.1
2025-09-01,00:30:00,681.1
2025-09-01,00:35:00,681.3
2025-09-01,00:40:00,681.2
2025-09-01,00:45:00,681.2
2025-09-01,00:50:00,681.2
2025-09-01,00:55:00,681.0
2025-09-01,01:00:00,681.1
2025-09-01,01:05:00,681.2
2025-09-01,01:10:00,681.1
2025-09-01,01:15:00,681.2
2025-09-01,01:20:00,681.0
2025-09-01,01:25:00,681.1
2025-09-01,01:30:00,681.0
2025-09-01,01:35:00,680.7
2025-09-01,01:40:00,681.0
2025-09-01,01:45:00,681.1
2025-09-01,01:50:00,680.9
2025-09-01,01:55:00,680.8
2025-09-01,02:00:00,681.2
2025-09-01,02:05:00,681.0
2025-09-01,02:10:00,680.9
2025-09-01,02:15:00,681.0
2025-09-01,02:20:00,680.8
2025-09-01,02:25:00,681.0
2025-09-01,02:30:00,680.9
2025-09-01,02:35:00,680.9
2025-09-01,02:40:00,680.9
2025-09-01,02:45:00,681.0
2025-09-01,02:50:00,680.8
2025-09-01,02:55:00,680.9
2025-09-01,03:00:00,681.0
2025-09-01,03:05:00,680.9
2025-09-01,03:10:00,681.0
2025-09-01,03:15:00,680.8
2025-09-01,03:20:00,680.8
2025-09-01,03:25:00,680.8
2025-09-01,03:30:00,680.9
2025-09-01,03:35:00,680.7
2025-09-01,03:40:00,680.9
2025-09-01,03:45:00,680.9
2025-09-01,03:50:00,680.9
2025-09-01,03:55:00,680.7
2025-09-01,04:00:00,680.8
2025-09-01,04:05:00,681.1
2025-09-01,04:10:00,680.8
2025-09-01,04:15:00,680.8
2025-09-01,04:20:00,680.9
2025-09-01,04:25:00,680.9
2025-09-01,04:30:00,680.9
2025-09-01,04:35:00,680.7
2025-09-01,04:40:00,680.9
2025-09-01,04:45:00,680.7
2025-09-01,04:50:00,681.1
2025-09-01,04:55:00,681.0
2025-09-01,05:00:00,681.1
2025-09-01,05:05:00,680.9
2025-09-01,05:10:00,681.2
2025-09-01,05:15:00,681.1
2025-09-01,05:20:00,681.2
2025-09-01,05:25:00,681.2
2025-09-01,05:30:00,681.2
2025-09-01,05:35:00,681.1
2025-09-01,05:40:00,681.4
2025-09-01,05:45:00,681.3
2025-09-01,05:50:00,681.4
2025-09-01,05:55:00,681.6
2025-09-01,06:00:00,681.4
2025-09-01,06:05:00,681.3
2025-09-01,06:10:00,681.3
2025-09-01,06:15:00,681.6
2025-09-01,06:20:00,681.6
2025-09-01,06:25:00,681.6
2025-09-01,06:30:00,681.5
2025-09-01,06:35:00,681.9
2025-09-01,06:40:00,681.6
2025-09-01,06:45:00,681.8
2025-09-01,06:50:00,681.9
2025-09-01,06:55:00,681.9
2025-09-01,07:00:00,681.8
2025-09-01,07:05:00,682.0
2025-09-01,07:10:00,681.9
2025-09-01,07:15:00,682.0
2025-09-01,07:20:00,682.0
2025-09-01,07:25:00,681.9
2025-09-01,07:30:00,682.0
2025-09-01,07:35:00,682.0
2025-09-01,07:40:00,682.1
2025-09-01,07:45:00,682.2
2025-09-01,07:50:00,682.2
2025-09-01,07:55:00,682.5
2025-09-01,08:00:00,682.3
2025-09-01,08:05:00,682.3
2025-09-01,08:10:00,682.3
2025-09-01,08:15:00,682.5
2025-09-01,08:20:00,682.5
2025-09-01,08:25:00,682.5
2025-09-01,08:30:00,682.5
2025-09-01,08:35:00,682.4
2025-09-01,08:40:00,682.4
2025-09-01,08:45:00,682.4
2025-09-01,08:50:00,682.6
2025-09-01,08:55:00,682.5
2025-09-01,09:00:00,682.6
2025-09-01,09:05:00,682.6
2025-09-01,09:10:00,682.7
2025-09-01,09:15:00,682.5
2025-09-01,09:20:00,682.7
2025-09-01,09:25:00,682.6
2025-09-01,09:30:00,682.6
2025-09-01,09:35:00,682.6
2025-09-01,09:40:00,682.6
2025-09-01,09:45:00,682.5
2025-09-01,09:50:00,682.4
2025-09-01,09:55:00,682.5
2025-09-01,10:00:00,682.5
2025-09-01,10:05:00,682.3
2025-09-01,10:10:00,682.4
2025-09-01,10:15:00,682.4
2025-09-01,10:20:00,682.7
2025-09-01,10:25:00,682.4
2025-09-01,10:30:00,682.6
2025-09-01,10:35:00,682.4
2025-09-01,10:40:00,682.3
2025-09-01,10:45:00,682.1
2025-09-01,10:50:00,682.1
2025-09-01,10:55:00,682.0
2025-09-01,11:00:00,682.0
2025-09-01,11:05:00,681.9
2025-09-01,11:10:00,681.9
2025-09-01,11:15:00,681.6
2025-09-01,11:20:00,681.6
2025-09-01,11:25:00,681.5
2025-09-01,11:30:00,681.5
2025-09-01,11:35:00,681.3
2025-09-01,11:40:00,681.2
2025-09-01,11:45:00,681.3
2025-09-01,11:50:00,681.1
2025-09-01,11:55:00,680.8
2025-09-01,12:00:00,680.9
2025-09-01,12:05:00,680.8
2025-09-01,12:10:00,680.7
2025-09-01,12:15:00,680.5
2025-09-01,12:20:00,680.6
2025-09-01,12:25:00,680.5
2025-09-01,12:30:00,680.3
2025-09-01,12:35:00,680.4
2025-09-01,12:40:00,680.1
2025-09-01,12:45:00,680.0
2025-09-01,12:50:00,680.0
2025-09-01,12:55:00,679.8
2025-09-01,13:00:00,679.9
2025-09-01,13:05:00,679.7
2025-09-01,13:10:00,679.7
2025-09-01,13:15:00,679.6
2025-09-01,13:20:00,679.5
2025-09-01,13:25:00,679.6
2025-09-01,13:30:00,679.5
2025-09-01,13:35:00,679.2
2025-09-01,13:40:00,679.3
2025-09-01,13:45:00,679.1
2025-09-01,13:50:00,679.2
2025-09-01,13:55:00,679.0
2025-09-01,14:00:00,678.9
2025-09-01,14:05:00,678.9
2025-09-01,14:10:00,678.7
2025-09-01,14:15:00,678.6
2025-09-01,14:20:00,678.5
2025-09-01,14:25:00,678.4
2025-09-01,14:30:00,678.3
2025-09-01,14:35:00,678.3
2025-09-01,14:40:00,678.2
2025-09-01,14:45:00,678.1
2025-09-01,14:50:00,678.1
2025-09-01,14:55:00,678.0
2025-09-01,15:00:00,678.0
2025-09-01,15:05:00,677.9
2025-09-01,15:10:00,677.9
2025-09-01,15:15:00,677.6
2025-09-01,15:20:00,677.6
2025-09-01,15:25:00,677.7
2025-09-01,15:30:00,677.6
2025-09-01,15:35:00,677.8
2025-09-01,15:40:00,677.6
2025-09-01,15:45:00,677.5
2025-09-01,15:50:00,677.6
2025-09-01,15:55:00,677.8
2025-09-01,16:00:00,677.8
2025-09-01,16:05:00,677.8
2025-09-01,16:10:00,677.7
2025-09-01,16:15:00,677.6
2025-09-01,16:20:00,677.5
2025-09-01,16:25:00,677.5
2025-09-01,16:30:00,677.5
2025-09-01,16:35:00,677.6
2025-09-01,16:40:00,677.3
2025-09-01,16:45:00,677.6
2025-09-01,16:50:00,677.6
2025-09-01,16:55:00,677.6
2025-09-01,17:00:00,677.8
2025-09-01,17:05:00,677.8
2025-09-01,17:10:00,677.8
2025-09-01,17:15:00,677.9
2025-09-01,17:20:00,678.0
2025-09-01,17:25:00,677.9
2025-09-01,17:30:00,678.0
2025-09-01,17:35:00,677.9
2025-09-01,17:40:00,677.9
2025-09-01,17:45:00,678.0
2025-09-01,17:50:00,678.1
2025-09-01,17:55:00,678.1
2025-09-01,18:00:00,678.2
2025-09-01,18:05:00,678.3
2025-09-01,18:10:00,678.4
2025-09-01,18:15:00,678.2
2025-09-01,18:20:00,678.4
2025-09-01,18:25:00,678.4
2025-09-01,18:30:00,678.4
2025-09-01,18:35:00,678.5
2025-09-01,18:40:00,678.5
2025-09-01,18:45:00,678.4
2025-09-01,18:50:00,678.7
2025-09-01,18:55:00,678.6
2025-09-01,19:00:00,678.5
2025-09-01,19:05:00,678.6
2025-09-01,19:10:00,678.7
2025-09-01,19:15:00,678.9
2025-09-01,19:20:00,679.0
2025-09-01,19:25:00,679.0
2025-09-01,19:30:00,679.2
2025-09-01,19:35:00,679.0
2025-09-01,19:40:00,679.1
2025-09-01,19:45:00,679.2
2025-09-01,19:50:00,679.3
2025-09-01,19:55:00,679.3
2025-09-01,20:00:00,679.4
2025-09-01,20:05:00,679.5
2025-09-01,20:10:00,679.5
2025-09-01,20:15:00,679.5
2025-09-01,20:20:00,679.7
2025-09-01,20:25:00,679.7
2025-09-01,20:30:00,679.7
2025-09-01,20:35:00,679.7
2025-09-01,20:40:00,679.9
2025-09-01,20:45:00,679.9
2025-09-01,20:50:00,680.2
2025-09-01,20:55:00,680.1
2025-09-01,21:00:00,680.0
2025-09-01,21:05:00,680.2
2025-09-01,21:10:00,680.1
2025-09-01,21:15:00,680.3
2025-09-01,21:20:00,680.2
2025-09-01,21:25:00,680.0
2025-09-01,21:30:00,680.2
2025-09-01,21:35:00,680.3
2025-09-01,21:40:00,680.2
2025-09-01,21:45:00,680.4
2025-09-01,21:50:00,680.5
2025-09-01,21:55:00,680.5
2025-09-01,22:00:00,680.5
2025-09-01,22:05:00,680.7
2025-09-01,22:10:00,680.5
2025-09-01,22:15:00,680.6
2025-09-01,22:20:00,680.8
2025-09-01,22:25:00,680.7
2025-09-01,22:30:00,680.9
2025-09-01,22:35:00,681.0
2025-09-01,22:40:00,681.1
2025-09-01,22:45:00,681.1
2025-09-01,22:50:00,681.2
2025-09-01,22:55:00,681.3
2025-09-01,23:00:00,681.3
2025-09-01,23:05:00,681.6
2025-09-01,23:10:00,681.4
2025-09-01,23:15:00,681.4
2025-09-01,23:20:00,681.5
2025-09-01,23:25:00,681.4
2025-09-01,23:30:00,681.7
2025-09-01,23:35:00,681.8
2025-09-01,23:40:00,681.6
2025-09-01,23:45:00,681.5
2025-09-01,23:50:00,681.6
2025-09-01,23:55:00,681.7
